operation,duration_ms,payload_size_bytes,timestamp,status,additional_info
create_account,2.4611949920654297,109,2025-02-26T02:37:00.650449,success,test_user_0_1740555420
create_account,0.2560615539550781,109,2025-02-26T02:37:00.650726,success,test_user_1_1740555420
create_account,0.19598007202148438,109,2025-02-26T02:37:00.650934,success,test_user_2_1740555420
create_account,0.1761913299560547,109,2025-02-26T02:37:00.651120,success,test_user_3_1740555420
create_account,0.23889541625976562,109,2025-02-26T02:37:00.651371,success,test_user_4_1740555420
login,0.2257823944091797,109,2025-02-26T02:37:00.651615,success,test_user_0_1740555420
login,0.2110004425048828,109,2025-02-26T02:37:00.651831,success,test_user_1_1740555420
login,0.21004676818847656,109,2025-02-26T02:37:00.652045,success,test_user_2_1740555420
login,0.1800060272216797,109,2025-02-26T02:37:00.652229,success,test_user_3_1740555420
login,0.19097328186035156,109,2025-02-26T02:37:00.652423,success,test_user_4_1740555420
send_message,0.20194053649902344,158,2025-02-26T02:37:00.652653,success,"size=10, index=0"
receive_instant_message,0.2079010009765625,162,2025-02-26T02:37:00.652868,success,"messages_read=1, size=10"
send_message,0.1990795135498047,158,2025-02-26T02:37:00.653078,success,"size=10, index=1"
receive_instant_message,0.1900196075439453,162,2025-02-26T02:37:00.653274,success,"messages_read=1, size=10"
send_message,0.17309188842773438,158,2025-02-26T02:37:00.653456,success,"size=10, index=2"
receive_instant_message,0.15401840209960938,162,2025-02-26T02:37:00.653616,success,"messages_read=1, size=10"
send_message,0.1747608184814453,158,2025-02-26T02:37:00.653801,success,"size=10, index=3"
receive_instant_message,0.16689300537109375,162,2025-02-26T02:37:00.653973,success,"messages_read=1, size=10"
send_message,0.17833709716796875,158,2025-02-26T02:37:00.654159,success,"size=10, index=4"
receive_instant_message,0.1671314239501953,162,2025-02-26T02:37:00.654331,success,"messages_read=1, size=10"
send_message,0.17213821411132812,158,2025-02-26T02:37:00.654511,success,"size=10, index=5"
receive_instant_message,0.23126602172851562,162,2025-02-26T02:37:00.654751,success,"messages_read=1, size=10"
send_message,0.19693374633789062,158,2025-02-26T02:37:00.654960,success,"size=10, index=6"
receive_instant_message,0.16498565673828125,162,2025-02-26T02:37:00.655132,success,"messages_read=1, size=10"
send_message,0.15807151794433594,158,2025-02-26T02:37:00.655299,success,"size=10, index=7"
receive_instant_message,0.186920166015625,162,2025-02-26T02:37:00.655492,success,"messages_read=1, size=10"
send_message,0.21982192993164062,158,2025-02-26T02:37:00.655721,success,"size=10, index=8"
receive_instant_message,0.16188621520996094,162,2025-02-26T02:37:00.655889,success,"messages_read=1, size=10"
send_message,0.1621246337890625,158,2025-02-26T02:37:00.656061,success,"size=10, index=9"
receive_instant_message,0.14710426330566406,162,2025-02-26T02:37:00.656214,success,"messages_read=1, size=10"
send_message,0.19097328186035156,158,2025-02-26T02:37:00.656415,success,"size=10, index=10"
receive_instant_message,0.209808349609375,162,2025-02-26T02:37:00.656631,success,"messages_read=1, size=10"
send_message,0.20599365234375,158,2025-02-26T02:37:00.656844,success,"size=10, index=11"
receive_instant_message,0.16379356384277344,162,2025-02-26T02:37:00.657014,success,"messages_read=1, size=10"
send_message,0.16498565673828125,158,2025-02-26T02:37:00.657188,success,"size=10, index=12"
receive_instant_message,0.17213821411132812,162,2025-02-26T02:37:00.657366,success,"messages_read=1, size=10"
send_message,0.2181529998779297,158,2025-02-26T02:37:00.657595,success,"size=10, index=13"
receive_instant_message,0.19979476928710938,162,2025-02-26T02:37:00.657801,success,"messages_read=1, size=10"
send_message,0.17690658569335938,158,2025-02-26T02:37:00.657987,success,"size=10, index=14"
receive_instant_message,0.1628398895263672,162,2025-02-26T02:37:00.658155,success,"messages_read=1, size=10"
send_message,0.1971721649169922,158,2025-02-26T02:37:00.658360,success,"size=10, index=15"
receive_instant_message,0.2269744873046875,162,2025-02-26T02:37:00.658593,success,"messages_read=1, size=10"
send_message,0.1780986785888672,158,2025-02-26T02:37:00.658779,success,"size=10, index=16"
receive_instant_message,0.18310546875,162,2025-02-26T02:37:00.658967,success,"messages_read=1, size=10"
send_message,0.17499923706054688,158,2025-02-26T02:37:00.659151,success,"size=10, index=17"
receive_instant_message,0.1819133758544922,162,2025-02-26T02:37:00.659339,success,"messages_read=1, size=10"
send_message,0.17523765563964844,158,2025-02-26T02:37:00.659527,success,"size=10, index=18"
receive_instant_message,0.2040863037109375,162,2025-02-26T02:37:00.659736,success,"messages_read=1, size=10"
send_message,0.24008750915527344,158,2025-02-26T02:37:00.659983,success,"size=10, index=19"
receive_instant_message,0.20503997802734375,162,2025-02-26T02:37:00.660194,success,"messages_read=1, size=10"
send_message,0.17213821411132812,158,2025-02-26T02:37:00.660375,success,"size=10, index=20"
receive_instant_message,0.21600723266601562,162,2025-02-26T02:37:00.660595,success,"messages_read=1, size=10"
send_message,0.1838207244873047,158,2025-02-26T02:37:00.660787,success,"size=10, index=21"
receive_instant_message,0.16999244689941406,162,2025-02-26T02:37:00.660962,success,"messages_read=1, size=10"
send_message,0.1761913299560547,158,2025-02-26T02:37:00.661148,success,"size=10, index=22"
receive_instant_message,0.18310546875,162,2025-02-26T02:37:00.661336,success,"messages_read=1, size=10"
send_message,0.21004676818847656,158,2025-02-26T02:37:00.661555,success,"size=10, index=23"
receive_instant_message,0.2071857452392578,162,2025-02-26T02:37:00.661767,success,"messages_read=1, size=10"
send_message,0.17595291137695312,158,2025-02-26T02:37:00.661951,success,"size=10, index=24"
receive_instant_message,0.19621849060058594,162,2025-02-26T02:37:00.662153,success,"messages_read=1, size=10"
send_message,0.17714500427246094,158,2025-02-26T02:37:00.662339,success,"size=10, index=25"
receive_instant_message,0.20575523376464844,162,2025-02-26T02:37:00.662550,success,"messages_read=1, size=10"
send_message,0.19407272338867188,158,2025-02-26T02:37:00.662753,success,"size=10, index=26"
receive_instant_message,0.17905235290527344,162,2025-02-26T02:37:00.662937,success,"messages_read=1, size=10"
send_message,0.17905235290527344,158,2025-02-26T02:37:00.663125,success,"size=10, index=27"
receive_instant_message,0.2300739288330078,162,2025-02-26T02:37:00.663361,success,"messages_read=1, size=10"
send_message,0.18835067749023438,158,2025-02-26T02:37:00.663558,success,"size=10, index=28"
receive_instant_message,0.2090930938720703,162,2025-02-26T02:37:00.663772,success,"messages_read=1, size=10"
send_message,0.20599365234375,158,2025-02-26T02:37:00.663986,success,"size=10, index=29"
receive_instant_message,0.18215179443359375,162,2025-02-26T02:37:00.664175,success,"messages_read=1, size=10"
send_message,0.2498626708984375,158,2025-02-26T02:37:00.664436,success,"size=10, index=30"
receive_instant_message,0.19621849060058594,162,2025-02-26T02:37:00.664639,success,"messages_read=1, size=10"
send_message,0.21409988403320312,158,2025-02-26T02:37:00.664863,success,"size=10, index=31"
receive_instant_message,0.18310546875,162,2025-02-26T02:37:00.665052,success,"messages_read=1, size=10"
send_message,0.19884109497070312,158,2025-02-26T02:37:00.665259,success,"size=10, index=32"
receive_instant_message,0.17213821411132812,162,2025-02-26T02:37:00.665436,success,"messages_read=1, size=10"
send_message,0.16188621520996094,158,2025-02-26T02:37:00.665608,success,"size=10, index=33"
receive_instant_message,0.1468658447265625,162,2025-02-26T02:37:00.665761,success,"messages_read=1, size=10"
send_message,0.14209747314453125,158,2025-02-26T02:37:00.665912,success,"size=10, index=34"
receive_instant_message,0.2288818359375,162,2025-02-26T02:37:00.666146,success,"messages_read=1, size=10"
send_message,0.1678466796875,158,2025-02-26T02:37:00.666322,success,"size=10, index=35"
receive_instant_message,0.20503997802734375,162,2025-02-26T02:37:00.666534,success,"messages_read=1, size=10"
send_message,0.17690658569335938,158,2025-02-26T02:37:00.666720,success,"size=10, index=36"
receive_instant_message,0.15211105346679688,162,2025-02-26T02:37:00.666877,success,"messages_read=1, size=10"
send_message,0.15497207641601562,158,2025-02-26T02:37:00.667040,success,"size=10, index=37"
receive_instant_message,0.1468658447265625,162,2025-02-26T02:37:00.667192,success,"messages_read=1, size=10"
send_message,0.15401840209960938,158,2025-02-26T02:37:00.667355,success,"size=10, index=38"
receive_instant_message,0.1399517059326172,162,2025-02-26T02:37:00.667500,success,"messages_read=1, size=10"
send_message,0.13589859008789062,158,2025-02-26T02:37:00.667645,success,"size=10, index=39"
receive_instant_message,0.13017654418945312,162,2025-02-26T02:37:00.667780,success,"messages_read=1, size=10"
send_message,0.13017654418945312,158,2025-02-26T02:37:00.667918,success,"size=10, index=40"
receive_instant_message,0.14495849609375,162,2025-02-26T02:37:00.668067,success,"messages_read=1, size=10"
send_message,0.14519691467285156,158,2025-02-26T02:37:00.668219,success,"size=10, index=41"
receive_instant_message,0.14901161193847656,162,2025-02-26T02:37:00.668373,success,"messages_read=1, size=10"
send_message,0.14495849609375,158,2025-02-26T02:37:00.668525,success,"size=10, index=42"
receive_instant_message,0.14591217041015625,162,2025-02-26T02:37:00.668676,success,"messages_read=1, size=10"
send_message,0.13685226440429688,158,2025-02-26T02:37:00.668822,success,"size=10, index=43"
receive_instant_message,0.13303756713867188,162,2025-02-26T02:37:00.668960,success,"messages_read=1, size=10"
send_message,0.14019012451171875,158,2025-02-26T02:37:00.669108,success,"size=10, index=44"
receive_instant_message,0.1399517059326172,162,2025-02-26T02:37:00.669253,success,"messages_read=1, size=10"
send_message,0.13113021850585938,158,2025-02-26T02:37:00.669391,success,"size=10, index=45"
receive_instant_message,0.14019012451171875,162,2025-02-26T02:37:00.669535,success,"messages_read=1, size=10"
send_message,0.1518726348876953,158,2025-02-26T02:37:00.669695,success,"size=10, index=46"
receive_instant_message,0.13589859008789062,162,2025-02-26T02:37:00.669836,success,"messages_read=1, size=10"
send_message,0.12922286987304688,158,2025-02-26T02:37:00.669972,success,"size=10, index=47"
receive_instant_message,0.12803077697753906,162,2025-02-26T02:37:00.670104,success,"messages_read=1, size=10"
send_message,0.13685226440429688,158,2025-02-26T02:37:00.670248,success,"size=10, index=48"
receive_instant_message,0.13327598571777344,162,2025-02-26T02:37:00.670386,success,"messages_read=1, size=10"
send_message,0.13184547424316406,158,2025-02-26T02:37:00.670526,success,"size=10, index=49"
receive_instant_message,0.14019012451171875,162,2025-02-26T02:37:00.670671,success,"messages_read=1, size=10"
send_message,0.14209747314453125,158,2025-02-26T02:37:00.670822,success,"size=10, index=50"
receive_instant_message,0.13113021850585938,162,2025-02-26T02:37:00.670956,success,"messages_read=1, size=10"
send_message,0.13899803161621094,158,2025-02-26T02:37:00.671103,success,"size=10, index=51"
receive_instant_message,0.1659393310546875,162,2025-02-26T02:37:00.671274,success,"messages_read=1, size=10"
send_message,0.1327991485595703,158,2025-02-26T02:37:00.671413,success,"size=10, index=52"
receive_instant_message,0.12683868408203125,162,2025-02-26T02:37:00.671544,success,"messages_read=1, size=10"
send_message,0.12993812561035156,158,2025-02-26T02:37:00.671682,success,"size=10, index=53"
receive_instant_message,0.14090538024902344,162,2025-02-26T02:37:00.671826,success,"messages_read=1, size=10"
send_message,0.1289844512939453,158,2025-02-26T02:37:00.671963,success,"size=10, index=54"
receive_instant_message,0.13709068298339844,162,2025-02-26T02:37:00.672105,success,"messages_read=1, size=10"
send_message,0.13899803161621094,158,2025-02-26T02:37:00.672252,success,"size=10, index=55"
receive_instant_message,0.13709068298339844,162,2025-02-26T02:37:00.672393,success,"messages_read=1, size=10"
send_message,0.13303756713867188,158,2025-02-26T02:37:00.672534,success,"size=10, index=56"
receive_instant_message,0.14710426330566406,162,2025-02-26T02:37:00.672685,success,"messages_read=1, size=10"
send_message,0.1342296600341797,158,2025-02-26T02:37:00.672827,success,"size=10, index=57"
receive_instant_message,0.1289844512939453,162,2025-02-26T02:37:00.672960,success,"messages_read=1, size=10"
send_message,0.16808509826660156,158,2025-02-26T02:37:00.673136,success,"size=10, index=58"
receive_instant_message,0.17309188842773438,162,2025-02-26T02:37:00.673314,success,"messages_read=1, size=10"
send_message,0.18715858459472656,158,2025-02-26T02:37:00.673511,success,"size=10, index=59"
receive_instant_message,0.17523765563964844,162,2025-02-26T02:37:00.673692,success,"messages_read=1, size=10"
send_message,0.1919269561767578,158,2025-02-26T02:37:00.673893,success,"size=10, index=60"
receive_instant_message,0.1862049102783203,162,2025-02-26T02:37:00.674084,success,"messages_read=1, size=10"
send_message,0.18095970153808594,158,2025-02-26T02:37:00.674273,success,"size=10, index=61"
receive_instant_message,0.19979476928710938,162,2025-02-26T02:37:00.674478,success,"messages_read=1, size=10"
send_message,0.1678466796875,158,2025-02-26T02:37:00.674656,success,"size=10, index=62"
receive_instant_message,0.18310546875,162,2025-02-26T02:37:00.674844,success,"messages_read=1, size=10"
send_message,0.20694732666015625,158,2025-02-26T02:37:00.675059,success,"size=10, index=63"
receive_instant_message,0.18405914306640625,162,2025-02-26T02:37:00.675247,success,"messages_read=1, size=10"
send_message,0.19788742065429688,158,2025-02-26T02:37:00.675455,success,"size=10, index=64"
receive_instant_message,0.1971721649169922,162,2025-02-26T02:37:00.675656,success,"messages_read=1, size=10"
send_message,0.1690387725830078,158,2025-02-26T02:37:00.675833,success,"size=10, index=65"
receive_instant_message,0.1761913299560547,162,2025-02-26T02:37:00.676014,success,"messages_read=1, size=10"
send_message,0.19097328186035156,158,2025-02-26T02:37:00.676214,success,"size=10, index=66"
receive_instant_message,0.17571449279785156,162,2025-02-26T02:37:00.676396,success,"messages_read=1, size=10"
send_message,0.1609325408935547,158,2025-02-26T02:37:00.676566,success,"size=10, index=67"
receive_instant_message,0.1659393310546875,162,2025-02-26T02:37:00.676737,success,"messages_read=1, size=10"
send_message,0.1678466796875,158,2025-02-26T02:37:00.676915,success,"size=10, index=68"
receive_instant_message,0.15878677368164062,162,2025-02-26T02:37:00.677080,success,"messages_read=1, size=10"
send_message,0.15687942504882812,158,2025-02-26T02:37:00.677247,success,"size=10, index=69"
receive_instant_message,0.14781951904296875,162,2025-02-26T02:37:00.677401,success,"messages_read=1, size=10"
send_message,0.15115737915039062,158,2025-02-26T02:37:00.677562,success,"size=10, index=70"
receive_instant_message,0.1499652862548828,162,2025-02-26T02:37:00.677717,success,"messages_read=1, size=10"
send_message,0.15997886657714844,158,2025-02-26T02:37:00.677887,success,"size=10, index=71"
receive_instant_message,0.1609325408935547,162,2025-02-26T02:37:00.678053,success,"messages_read=1, size=10"
send_message,0.16021728515625,158,2025-02-26T02:37:00.678224,success,"size=10, index=72"
receive_instant_message,0.14734268188476562,162,2025-02-26T02:37:00.678375,success,"messages_read=1, size=10"
send_message,0.17380714416503906,158,2025-02-26T02:37:00.678557,success,"size=10, index=73"
receive_instant_message,0.15783309936523438,162,2025-02-26T02:37:00.678720,success,"messages_read=1, size=10"
send_message,0.15926361083984375,158,2025-02-26T02:37:00.678887,success,"size=10, index=74"
receive_instant_message,0.17499923706054688,162,2025-02-26T02:37:00.679068,success,"messages_read=1, size=10"
send_message,0.23674964904785156,158,2025-02-26T02:37:00.679319,success,"size=10, index=75"
receive_instant_message,0.23698806762695312,162,2025-02-26T02:37:00.679565,success,"messages_read=1, size=10"
send_message,0.23984909057617188,158,2025-02-26T02:37:00.679820,success,"size=10, index=76"
receive_instant_message,0.2257823944091797,162,2025-02-26T02:37:00.680055,success,"messages_read=1, size=10"
send_message,0.2429485321044922,158,2025-02-26T02:37:00.680313,success,"size=10, index=77"
receive_instant_message,0.2181529998779297,162,2025-02-26T02:37:00.680539,success,"messages_read=1, size=10"
send_message,0.24127960205078125,158,2025-02-26T02:37:00.680796,success,"size=10, index=78"
receive_instant_message,0.26798248291015625,162,2025-02-26T02:37:00.681073,success,"messages_read=1, size=10"
send_message,0.20813941955566406,158,2025-02-26T02:37:00.681295,success,"size=10, index=79"
receive_instant_message,0.2238750457763672,162,2025-02-26T02:37:00.681526,success,"messages_read=1, size=10"
send_message,0.22077560424804688,158,2025-02-26T02:37:00.681759,success,"size=10, index=80"
receive_instant_message,0.3190040588378906,162,2025-02-26T02:37:00.682087,success,"messages_read=1, size=10"
send_message,0.2722740173339844,158,2025-02-26T02:37:00.682374,success,"size=10, index=81"
receive_instant_message,0.3597736358642578,162,2025-02-26T02:37:00.682744,success,"messages_read=1, size=10"
send_message,0.26679039001464844,158,2025-02-26T02:37:00.683030,success,"size=10, index=82"
receive_instant_message,0.2586841583251953,162,2025-02-26T02:37:00.683298,success,"messages_read=1, size=10"
send_message,0.244140625,158,2025-02-26T02:37:00.683555,success,"size=10, index=83"
receive_instant_message,0.23293495178222656,162,2025-02-26T02:37:00.683799,success,"messages_read=1, size=10"
send_message,0.2377033233642578,158,2025-02-26T02:37:00.684052,success,"size=10, index=84"
receive_instant_message,0.21600723266601562,162,2025-02-26T02:37:00.684276,success,"messages_read=1, size=10"
send_message,0.28204917907714844,158,2025-02-26T02:37:00.684574,success,"size=10, index=85"
receive_instant_message,0.1800060272216797,162,2025-02-26T02:37:00.684761,success,"messages_read=1, size=10"
send_message,0.16689300537109375,158,2025-02-26T02:37:00.684936,success,"size=10, index=86"
receive_instant_message,0.15807151794433594,162,2025-02-26T02:37:00.685099,success,"messages_read=1, size=10"
send_message,0.1671314239501953,158,2025-02-26T02:37:00.685275,success,"size=10, index=87"
receive_instant_message,0.1609325408935547,162,2025-02-26T02:37:00.685441,success,"messages_read=1, size=10"
send_message,0.17189979553222656,158,2025-02-26T02:37:00.685621,success,"size=10, index=88"
receive_instant_message,0.1742839813232422,162,2025-02-26T02:37:00.685800,success,"messages_read=1, size=10"
send_message,0.171661376953125,158,2025-02-26T02:37:00.685983,success,"size=10, index=89"
receive_instant_message,0.16379356384277344,162,2025-02-26T02:37:00.686152,success,"messages_read=1, size=10"
send_message,0.1857280731201172,158,2025-02-26T02:37:00.686348,success,"size=10, index=90"
receive_instant_message,0.16689300537109375,162,2025-02-26T02:37:00.686521,success,"messages_read=1, size=10"
send_message,0.15592575073242188,158,2025-02-26T02:37:00.686689,success,"size=10, index=91"
receive_instant_message,0.1690387725830078,162,2025-02-26T02:37:00.686863,success,"messages_read=1, size=10"
send_message,0.15807151794433594,158,2025-02-26T02:37:00.687029,success,"size=10, index=92"
receive_instant_message,0.15997886657714844,162,2025-02-26T02:37:00.687193,success,"messages_read=1, size=10"
send_message,0.16117095947265625,158,2025-02-26T02:37:00.687363,success,"size=10, index=93"
receive_instant_message,0.16117095947265625,162,2025-02-26T02:37:00.687531,success,"messages_read=1, size=10"
send_message,0.15401840209960938,158,2025-02-26T02:37:00.687697,success,"size=10, index=94"
receive_instant_message,0.179290771484375,162,2025-02-26T02:37:00.687881,success,"messages_read=1, size=10"
send_message,0.15926361083984375,158,2025-02-26T02:37:00.688050,success,"size=10, index=95"
receive_instant_message,0.1442432403564453,162,2025-02-26T02:37:00.688199,success,"messages_read=1, size=10"
send_message,0.14019012451171875,158,2025-02-26T02:37:00.688346,success,"size=10, index=96"
receive_instant_message,0.14734268188476562,162,2025-02-26T02:37:00.688498,success,"messages_read=1, size=10"
send_message,0.15592575073242188,158,2025-02-26T02:37:00.688665,success,"size=10, index=97"
receive_instant_message,0.17118453979492188,162,2025-02-26T02:37:00.688842,success,"messages_read=1, size=10"
send_message,0.16427040100097656,158,2025-02-26T02:37:00.689017,success,"size=10, index=98"
receive_instant_message,0.16307830810546875,162,2025-02-26T02:37:00.689185,success,"messages_read=1, size=10"
send_message,0.15997886657714844,158,2025-02-26T02:37:00.689354,success,"size=10, index=99"
receive_instant_message,0.15687942504882812,162,2025-02-26T02:37:00.689516,success,"messages_read=1, size=10"
send_message,0.17905235290527344,248,2025-02-26T02:37:00.689744,success,"size=100, index=0"
receive_instant_message,0.1652240753173828,253,2025-02-26T02:37:00.689915,success,"messages_read=1, size=100"
send_message,0.1800060272216797,248,2025-02-26T02:37:00.690123,success,"size=100, index=1"
receive_instant_message,0.17905235290527344,253,2025-02-26T02:37:00.690307,success,"messages_read=1, size=100"
send_message,0.15401840209960938,248,2025-02-26T02:37:00.690487,success,"size=100, index=2"
receive_instant_message,0.15401840209960938,253,2025-02-26T02:37:00.690647,success,"messages_read=1, size=100"
send_message,0.1437664031982422,248,2025-02-26T02:37:00.690825,success,"size=100, index=3"
receive_instant_message,0.15425682067871094,253,2025-02-26T02:37:00.690985,success,"messages_read=1, size=100"
send_message,0.1430511474609375,248,2025-02-26T02:37:00.691160,success,"size=100, index=4"
receive_instant_message,0.15807151794433594,253,2025-02-26T02:37:00.691323,success,"messages_read=1, size=100"
send_message,0.17595291137695312,248,2025-02-26T02:37:00.691535,success,"size=100, index=5"
receive_instant_message,0.2028942108154297,253,2025-02-26T02:37:00.691748,success,"messages_read=1, size=100"
send_message,0.21195411682128906,248,2025-02-26T02:37:00.692027,success,"size=100, index=6"
receive_instant_message,0.2028942108154297,253,2025-02-26T02:37:00.692239,success,"messages_read=1, size=100"
send_message,0.20313262939453125,248,2025-02-26T02:37:00.692494,success,"size=100, index=7"
receive_instant_message,0.2009868621826172,253,2025-02-26T02:37:00.692701,success,"messages_read=1, size=100"
send_message,0.1590251922607422,248,2025-02-26T02:37:00.692888,success,"size=100, index=8"
receive_instant_message,0.15497207641601562,253,2025-02-26T02:37:00.693049,success,"messages_read=1, size=100"
send_message,0.1850128173828125,248,2025-02-26T02:37:00.693268,success,"size=100, index=9"
receive_instant_message,0.23317337036132812,253,2025-02-26T02:37:00.693509,success,"messages_read=1, size=100"
send_message,0.21123886108398438,248,2025-02-26T02:37:00.693770,success,"size=100, index=10"
receive_instant_message,0.2620220184326172,253,2025-02-26T02:37:00.694040,success,"messages_read=1, size=100"
send_message,0.2579689025878906,248,2025-02-26T02:37:00.694338,success,"size=100, index=11"
receive_instant_message,0.22912025451660156,253,2025-02-26T02:37:00.694576,success,"messages_read=1, size=100"
send_message,0.24175643920898438,248,2025-02-26T02:37:00.694856,success,"size=100, index=12"
receive_instant_message,0.22101402282714844,253,2025-02-26T02:37:00.695085,success,"messages_read=1, size=100"
send_message,0.2720355987548828,248,2025-02-26T02:37:00.695404,success,"size=100, index=13"
receive_instant_message,0.22292137145996094,253,2025-02-26T02:37:00.695636,success,"messages_read=1, size=100"
send_message,0.30493736267089844,248,2025-02-26T02:37:00.695990,success,"size=100, index=14"
receive_instant_message,0.2658367156982422,253,2025-02-26T02:37:00.696263,success,"messages_read=1, size=100"
send_message,0.2429485321044922,248,2025-02-26T02:37:00.696547,success,"size=100, index=15"
receive_instant_message,0.2510547637939453,253,2025-02-26T02:37:00.696806,success,"messages_read=1, size=100"
send_message,0.24080276489257812,248,2025-02-26T02:37:00.697120,success,"size=100, index=16"
receive_instant_message,0.15807151794433594,253,2025-02-26T02:37:00.697283,success,"messages_read=1, size=100"
send_message,0.15878677368164062,248,2025-02-26T02:37:00.697470,success,"size=100, index=17"
receive_instant_message,0.16570091247558594,253,2025-02-26T02:37:00.697641,success,"messages_read=1, size=100"
send_message,0.18405914306640625,248,2025-02-26T02:37:00.697850,success,"size=100, index=18"
receive_instant_message,0.21719932556152344,253,2025-02-26T02:37:00.698072,success,"messages_read=1, size=100"
send_message,0.2129077911376953,248,2025-02-26T02:37:00.698313,success,"size=100, index=19"
receive_instant_message,0.2009868621826172,253,2025-02-26T02:37:00.698519,success,"messages_read=1, size=100"
send_message,0.20694732666015625,248,2025-02-26T02:37:00.698754,success,"size=100, index=20"
receive_instant_message,0.2300739288330078,253,2025-02-26T02:37:00.698990,success,"messages_read=1, size=100"
send_message,0.20194053649902344,248,2025-02-26T02:37:00.699237,success,"size=100, index=21"
receive_instant_message,0.18095970153808594,253,2025-02-26T02:37:00.699423,success,"messages_read=1, size=100"
send_message,0.16880035400390625,248,2025-02-26T02:37:00.699619,success,"size=100, index=22"
receive_instant_message,0.1919269561767578,253,2025-02-26T02:37:00.699817,success,"messages_read=1, size=100"
send_message,0.1819133758544922,248,2025-02-26T02:37:00.700027,success,"size=100, index=23"
receive_instant_message,0.1499652862548828,253,2025-02-26T02:37:00.700183,success,"messages_read=1, size=100"
send_message,0.17380714416503906,248,2025-02-26T02:37:00.700384,success,"size=100, index=24"
receive_instant_message,0.17309188842773438,253,2025-02-26T02:37:00.700563,success,"messages_read=1, size=100"
send_message,0.19407272338867188,248,2025-02-26T02:37:00.700792,success,"size=100, index=25"
receive_instant_message,0.1881122589111328,253,2025-02-26T02:37:00.700986,success,"messages_read=1, size=100"
send_message,0.1652240753173828,248,2025-02-26T02:37:00.701179,success,"size=100, index=26"
receive_instant_message,0.15807151794433594,253,2025-02-26T02:37:00.701343,success,"messages_read=1, size=100"
send_message,0.164031982421875,248,2025-02-26T02:37:00.701538,success,"size=100, index=27"
receive_instant_message,0.1628398895263672,253,2025-02-26T02:37:00.701707,success,"messages_read=1, size=100"
send_message,0.15306472778320312,248,2025-02-26T02:37:00.701895,success,"size=100, index=28"
receive_instant_message,0.1480579376220703,254,2025-02-26T02:37:00.702049,success,"messages_read=1, size=100"
send_message,0.15497207641601562,248,2025-02-26T02:37:00.702239,success,"size=100, index=29"
receive_instant_message,0.15783309936523438,254,2025-02-26T02:37:00.702403,success,"messages_read=1, size=100"
send_message,0.14281272888183594,248,2025-02-26T02:37:00.702580,success,"size=100, index=30"
receive_instant_message,0.16689300537109375,254,2025-02-26T02:37:00.702752,success,"messages_read=1, size=100"
send_message,0.16164779663085938,248,2025-02-26T02:37:00.702942,success,"size=100, index=31"
receive_instant_message,0.15306472778320312,254,2025-02-26T02:37:00.703100,success,"messages_read=1, size=100"
send_message,0.14400482177734375,248,2025-02-26T02:37:00.703276,success,"size=100, index=32"
receive_instant_message,0.15997886657714844,254,2025-02-26T02:37:00.703443,success,"messages_read=1, size=100"
send_message,0.17380714416503906,248,2025-02-26T02:37:00.703646,success,"size=100, index=33"
receive_instant_message,0.15306472778320312,254,2025-02-26T02:37:00.703803,success,"messages_read=1, size=100"
send_message,0.1552104949951172,248,2025-02-26T02:37:00.703984,success,"size=100, index=34"
receive_instant_message,0.15997886657714844,254,2025-02-26T02:37:00.704151,success,"messages_read=1, size=100"
send_message,0.15592575073242188,248,2025-02-26T02:37:00.704342,success,"size=100, index=35"
receive_instant_message,0.15020370483398438,254,2025-02-26T02:37:00.704498,success,"messages_read=1, size=100"
send_message,0.15997886657714844,248,2025-02-26T02:37:00.704691,success,"size=100, index=36"
receive_instant_message,0.15997886657714844,254,2025-02-26T02:37:00.704856,success,"messages_read=1, size=100"
send_message,0.1571178436279297,248,2025-02-26T02:37:00.705045,success,"size=100, index=37"
receive_instant_message,0.1678466796875,254,2025-02-26T02:37:00.705218,success,"messages_read=1, size=100"
send_message,0.15211105346679688,248,2025-02-26T02:37:00.705406,success,"size=100, index=38"
receive_instant_message,0.15592575073242188,254,2025-02-26T02:37:00.705568,success,"messages_read=1, size=100"
send_message,0.15807151794433594,248,2025-02-26T02:37:00.705758,success,"size=100, index=39"
receive_instant_message,0.15592575073242188,254,2025-02-26T02:37:00.705921,success,"messages_read=1, size=100"
send_message,0.15616416931152344,248,2025-02-26T02:37:00.706107,success,"size=100, index=40"
receive_instant_message,0.15997886657714844,254,2025-02-26T02:37:00.706273,success,"messages_read=1, size=100"
send_message,0.15783309936523438,248,2025-02-26T02:37:00.706464,success,"size=100, index=41"
receive_instant_message,0.15497207641601562,254,2025-02-26T02:37:00.706625,success,"messages_read=1, size=100"
send_message,0.15115737915039062,248,2025-02-26T02:37:00.706810,success,"size=100, index=42"
receive_instant_message,0.15997886657714844,254,2025-02-26T02:37:00.706976,success,"messages_read=1, size=100"
send_message,0.15020370483398438,248,2025-02-26T02:37:00.707154,success,"size=100, index=43"
receive_instant_message,0.15687942504882812,254,2025-02-26T02:37:00.707317,success,"messages_read=1, size=100"
send_message,0.15401840209960938,248,2025-02-26T02:37:00.707503,success,"size=100, index=44"
receive_instant_message,0.15997886657714844,254,2025-02-26T02:37:00.707669,success,"messages_read=1, size=100"
send_message,0.1468658447265625,248,2025-02-26T02:37:00.707848,success,"size=100, index=45"
receive_instant_message,0.1399517059326172,254,2025-02-26T02:37:00.707994,success,"messages_read=1, size=100"
send_message,0.141143798828125,248,2025-02-26T02:37:00.708167,success,"size=100, index=46"
receive_instant_message,0.15211105346679688,254,2025-02-26T02:37:00.708324,success,"messages_read=1, size=100"
send_message,0.14781951904296875,248,2025-02-26T02:37:00.708506,success,"size=100, index=47"
receive_instant_message,0.16999244689941406,254,2025-02-26T02:37:00.708681,success,"messages_read=1, size=100"
send_message,0.1499652862548828,248,2025-02-26T02:37:00.708858,success,"size=100, index=48"
receive_instant_message,0.1571178436279297,254,2025-02-26T02:37:00.709019,success,"messages_read=1, size=100"
send_message,0.15306472778320312,248,2025-02-26T02:37:00.709199,success,"size=100, index=49"
receive_instant_message,0.1621246337890625,254,2025-02-26T02:37:00.709367,success,"messages_read=1, size=100"
send_message,0.14591217041015625,248,2025-02-26T02:37:00.709539,success,"size=100, index=50"
receive_instant_message,0.16069412231445312,254,2025-02-26T02:37:00.709705,success,"messages_read=1, size=100"
send_message,0.13685226440429688,248,2025-02-26T02:37:00.709869,success,"size=100, index=51"
receive_instant_message,0.17786026000976562,254,2025-02-26T02:37:00.710052,success,"messages_read=1, size=100"
send_message,0.15401840209960938,248,2025-02-26T02:37:00.710235,success,"size=100, index=52"
receive_instant_message,0.14090538024902344,254,2025-02-26T02:37:00.710382,success,"messages_read=1, size=100"
send_message,0.18906593322753906,248,2025-02-26T02:37:00.710599,success,"size=100, index=53"
receive_instant_message,0.15211105346679688,254,2025-02-26T02:37:00.710755,success,"messages_read=1, size=100"
send_message,0.14209747314453125,248,2025-02-26T02:37:00.710923,success,"size=100, index=54"
receive_instant_message,0.17976760864257812,254,2025-02-26T02:37:00.711108,success,"messages_read=1, size=100"
send_message,0.17714500427246094,248,2025-02-26T02:37:00.711312,success,"size=100, index=55"
receive_instant_message,0.14519691467285156,254,2025-02-26T02:37:00.711461,success,"messages_read=1, size=100"
send_message,0.15878677368164062,248,2025-02-26T02:37:00.711648,success,"size=100, index=56"
receive_instant_message,0.15115737915039062,254,2025-02-26T02:37:00.711802,success,"messages_read=1, size=100"
send_message,0.14901161193847656,248,2025-02-26T02:37:00.711978,success,"size=100, index=57"
receive_instant_message,0.15091896057128906,254,2025-02-26T02:37:00.712134,success,"messages_read=1, size=100"
send_message,0.14901161193847656,248,2025-02-26T02:37:00.712309,success,"size=100, index=58"
receive_instant_message,0.1850128173828125,254,2025-02-26T02:37:00.712500,success,"messages_read=1, size=100"
send_message,0.22411346435546875,248,2025-02-26T02:37:00.712763,success,"size=100, index=59"
receive_instant_message,0.22912025451660156,254,2025-02-26T02:37:00.713001,success,"messages_read=1, size=100"
send_message,0.2009868621826172,248,2025-02-26T02:37:00.713238,success,"size=100, index=60"
receive_instant_message,0.18978118896484375,254,2025-02-26T02:37:00.713435,success,"messages_read=1, size=100"
send_message,0.17905235290527344,248,2025-02-26T02:37:00.713663,success,"size=100, index=61"
receive_instant_message,0.202178955078125,254,2025-02-26T02:37:00.713872,success,"messages_read=1, size=100"
send_message,0.19288063049316406,248,2025-02-26T02:37:00.714112,success,"size=100, index=62"
receive_instant_message,0.2460479736328125,254,2025-02-26T02:37:00.714365,success,"messages_read=1, size=100"
send_message,0.2589225769042969,248,2025-02-26T02:37:00.714673,success,"size=100, index=63"
receive_instant_message,0.40411949157714844,254,2025-02-26T02:37:00.715085,success,"messages_read=1, size=100"
send_message,0.3218650817871094,248,2025-02-26T02:37:00.715445,success,"size=100, index=64"
receive_instant_message,0.2498626708984375,254,2025-02-26T02:37:00.715701,success,"messages_read=1, size=100"
send_message,0.2219676971435547,248,2025-02-26T02:37:00.715961,success,"size=100, index=65"
receive_instant_message,0.2372264862060547,254,2025-02-26T02:37:00.716205,success,"messages_read=1, size=100"
send_message,0.244140625,248,2025-02-26T02:37:00.716490,success,"size=100, index=66"
receive_instant_message,0.26297569274902344,254,2025-02-26T02:37:00.716763,success,"messages_read=1, size=100"
send_message,0.2827644348144531,248,2025-02-26T02:37:00.717091,success,"size=100, index=67"
receive_instant_message,0.26416778564453125,254,2025-02-26T02:37:00.717365,success,"messages_read=1, size=100"
send_message,0.23818016052246094,248,2025-02-26T02:37:00.717645,success,"size=100, index=68"
receive_instant_message,0.25534629821777344,254,2025-02-26T02:37:00.717909,success,"messages_read=1, size=100"
send_message,0.2949237823486328,248,2025-02-26T02:37:00.718248,success,"size=100, index=69"
receive_instant_message,0.1819133758544922,254,2025-02-26T02:37:00.718436,success,"messages_read=1, size=100"
send_message,0.1862049102783203,248,2025-02-26T02:37:00.718649,success,"size=100, index=70"
receive_instant_message,0.19121170043945312,254,2025-02-26T02:37:00.718846,success,"messages_read=1, size=100"
send_message,0.19812583923339844,248,2025-02-26T02:37:00.719081,success,"size=100, index=71"
receive_instant_message,0.17905235290527344,254,2025-02-26T02:37:00.719266,success,"messages_read=1, size=100"
send_message,0.1518726348876953,248,2025-02-26T02:37:00.719445,success,"size=100, index=72"
receive_instant_message,0.17404556274414062,254,2025-02-26T02:37:00.719624,success,"messages_read=1, size=100"
send_message,0.14090538024902344,248,2025-02-26T02:37:00.719792,success,"size=100, index=73"
receive_instant_message,0.16832351684570312,254,2025-02-26T02:37:00.719966,success,"messages_read=1, size=100"
send_message,0.16999244689941406,248,2025-02-26T02:37:00.720164,success,"size=100, index=74"
receive_instant_message,0.1671314239501953,254,2025-02-26T02:37:00.720336,success,"messages_read=1, size=100"
send_message,0.1659393310546875,248,2025-02-26T02:37:00.720530,success,"size=100, index=75"
receive_instant_message,0.1690387725830078,254,2025-02-26T02:37:00.720705,success,"messages_read=1, size=100"
send_message,0.1659393310546875,248,2025-02-26T02:37:00.720898,success,"size=100, index=76"
receive_instant_message,0.1537799835205078,254,2025-02-26T02:37:00.721058,success,"messages_read=1, size=100"
send_message,0.1609325408935547,248,2025-02-26T02:37:00.721247,success,"size=100, index=77"
receive_instant_message,0.17595291137695312,254,2025-02-26T02:37:00.721429,success,"messages_read=1, size=100"
send_message,0.164031982421875,248,2025-02-26T02:37:00.721622,success,"size=100, index=78"
receive_instant_message,0.14281272888183594,254,2025-02-26T02:37:00.721771,success,"messages_read=1, size=100"
send_message,0.15497207641601562,248,2025-02-26T02:37:00.721953,success,"size=100, index=79"
receive_instant_message,0.15115737915039062,254,2025-02-26T02:37:00.722109,success,"messages_read=1, size=100"
send_message,0.15592575073242188,248,2025-02-26T02:37:00.722292,success,"size=100, index=80"
receive_instant_message,0.14591217041015625,254,2025-02-26T02:37:00.722444,success,"messages_read=1, size=100"
send_message,0.14209747314453125,248,2025-02-26T02:37:00.722616,success,"size=100, index=81"
receive_instant_message,0.14090538024902344,254,2025-02-26T02:37:00.722763,success,"messages_read=1, size=100"
send_message,0.15592575073242188,248,2025-02-26T02:37:00.722948,success,"size=100, index=82"
receive_instant_message,0.17499923706054688,254,2025-02-26T02:37:00.723129,success,"messages_read=1, size=100"
send_message,0.1652240753173828,248,2025-02-26T02:37:00.723321,success,"size=100, index=83"
receive_instant_message,0.18310546875,254,2025-02-26T02:37:00.723512,success,"messages_read=1, size=100"
send_message,0.17380714416503906,248,2025-02-26T02:37:00.723722,success,"size=100, index=84"
receive_instant_message,0.16307830810546875,254,2025-02-26T02:37:00.723891,success,"messages_read=1, size=100"
send_message,0.14591217041015625,248,2025-02-26T02:37:00.724065,success,"size=100, index=85"
receive_instant_message,0.1430511474609375,254,2025-02-26T02:37:00.724213,success,"messages_read=1, size=100"
send_message,0.14472007751464844,248,2025-02-26T02:37:00.724392,success,"size=100, index=86"
receive_instant_message,0.19097328186035156,254,2025-02-26T02:37:00.724588,success,"messages_read=1, size=100"
send_message,0.19097328186035156,248,2025-02-26T02:37:00.724816,success,"size=100, index=87"
receive_instant_message,0.15020370483398438,254,2025-02-26T02:37:00.724971,success,"messages_read=1, size=100"
send_message,0.1518726348876953,248,2025-02-26T02:37:00.725150,success,"size=100, index=88"
receive_instant_message,0.17499923706054688,254,2025-02-26T02:37:00.725332,success,"messages_read=1, size=100"
send_message,0.1499652862548828,248,2025-02-26T02:37:00.725516,success,"size=100, index=89"
receive_instant_message,0.14400482177734375,254,2025-02-26T02:37:00.725666,success,"messages_read=1, size=100"
send_message,0.14781951904296875,248,2025-02-26T02:37:00.725849,success,"size=100, index=90"
receive_instant_message,0.15425682067871094,254,2025-02-26T02:37:00.726008,success,"messages_read=1, size=100"
send_message,0.16617774963378906,248,2025-02-26T02:37:00.726201,success,"size=100, index=91"
receive_instant_message,0.1571178436279297,254,2025-02-26T02:37:00.726363,success,"messages_read=1, size=100"
send_message,0.15211105346679688,248,2025-02-26T02:37:00.726543,success,"size=100, index=92"
receive_instant_message,0.1621246337890625,254,2025-02-26T02:37:00.726710,success,"messages_read=1, size=100"
send_message,0.1659393310546875,248,2025-02-26T02:37:00.726903,success,"size=100, index=93"
receive_instant_message,0.16689300537109375,254,2025-02-26T02:37:00.727075,success,"messages_read=1, size=100"
send_message,0.1621246337890625,248,2025-02-26T02:37:00.727264,success,"size=100, index=94"
receive_instant_message,0.1659393310546875,254,2025-02-26T02:37:00.727435,success,"messages_read=1, size=100"
send_message,0.17690658569335938,248,2025-02-26T02:37:00.727640,success,"size=100, index=95"
receive_instant_message,0.15497207641601562,254,2025-02-26T02:37:00.727799,success,"messages_read=1, size=100"
send_message,0.15997886657714844,248,2025-02-26T02:37:00.727987,success,"size=100, index=96"
receive_instant_message,0.13899803161621094,254,2025-02-26T02:37:00.728130,success,"messages_read=1, size=100"
send_message,0.1571178436279297,248,2025-02-26T02:37:00.728315,success,"size=100, index=97"
receive_instant_message,0.15997886657714844,254,2025-02-26T02:37:00.728480,success,"messages_read=1, size=100"
send_message,0.15473365783691406,248,2025-02-26T02:37:00.728663,success,"size=100, index=98"
receive_instant_message,0.13899803161621094,254,2025-02-26T02:37:00.728805,success,"messages_read=1, size=100"
send_message,0.15807151794433594,248,2025-02-26T02:37:00.728990,success,"size=100, index=99"
receive_instant_message,0.1480579376220703,254,2025-02-26T02:37:00.729143,success,"messages_read=1, size=100"
send_message,0.16832351684570312,1149,2025-02-26T02:37:00.729553,success,"size=1000, index=0"
receive_instant_message,0.2741813659667969,1155,2025-02-26T02:37:00.729832,success,"messages_read=1, size=1000"
send_message,0.18286705017089844,1149,2025-02-26T02:37:00.730231,success,"size=1000, index=1"
receive_instant_message,0.18787384033203125,1155,2025-02-26T02:37:00.730426,success,"messages_read=1, size=1000"
send_message,0.19288063049316406,1149,2025-02-26T02:37:00.730871,success,"size=1000, index=2"
receive_instant_message,0.1747608184814453,1155,2025-02-26T02:37:00.731051,success,"messages_read=1, size=1000"
send_message,0.1709461212158203,1149,2025-02-26T02:37:00.731469,success,"size=1000, index=3"
receive_instant_message,0.1709461212158203,1155,2025-02-26T02:37:00.731645,success,"messages_read=1, size=1000"
send_message,0.1952648162841797,1149,2025-02-26T02:37:00.732075,success,"size=1000, index=4"
receive_instant_message,0.16880035400390625,1155,2025-02-26T02:37:00.732249,success,"messages_read=1, size=1000"
send_message,0.1819133758544922,1149,2025-02-26T02:37:00.732695,success,"size=1000, index=5"
receive_instant_message,0.17380714416503906,1155,2025-02-26T02:37:00.732885,success,"messages_read=1, size=1000"
send_message,0.15282630920410156,1149,2025-02-26T02:37:00.733268,success,"size=1000, index=6"
receive_instant_message,0.1709461212158203,1155,2025-02-26T02:37:00.733444,success,"messages_read=1, size=1000"
send_message,0.1499652862548828,1149,2025-02-26T02:37:00.733810,success,"size=1000, index=7"
receive_instant_message,0.1590251922607422,1155,2025-02-26T02:37:00.733976,success,"messages_read=1, size=1000"
send_message,0.16880035400390625,1149,2025-02-26T02:37:00.734360,success,"size=1000, index=8"
receive_instant_message,0.7543563842773438,1155,2025-02-26T02:37:00.735122,success,"messages_read=1, size=1000"
send_message,0.15926361083984375,1149,2025-02-26T02:37:00.735494,success,"size=1000, index=9"
receive_instant_message,0.19812583923339844,1155,2025-02-26T02:37:00.735699,success,"messages_read=1, size=1000"
send_message,0.18215179443359375,1149,2025-02-26T02:37:00.736082,success,"size=1000, index=10"
receive_instant_message,0.1652240753173828,1155,2025-02-26T02:37:00.736253,success,"messages_read=1, size=1000"
send_message,0.16021728515625,1149,2025-02-26T02:37:00.736609,success,"size=1000, index=11"
receive_instant_message,0.15687942504882812,1155,2025-02-26T02:37:00.736771,success,"messages_read=1, size=1000"
send_message,0.15163421630859375,1149,2025-02-26T02:37:00.737130,success,"size=1000, index=12"
receive_instant_message,0.17786026000976562,1155,2025-02-26T02:37:00.737315,success,"messages_read=1, size=1000"
send_message,0.17881393432617188,1149,2025-02-26T02:37:00.737698,success,"size=1000, index=13"
receive_instant_message,0.15783309936523438,1155,2025-02-26T02:37:00.737862,success,"messages_read=1, size=1000"
send_message,0.1418590545654297,1149,2025-02-26T02:37:00.738209,success,"size=1000, index=14"
receive_instant_message,0.14591217041015625,1155,2025-02-26T02:37:00.738360,success,"messages_read=1, size=1000"
send_message,0.16379356384277344,1149,2025-02-26T02:37:00.738729,success,"size=1000, index=15"
receive_instant_message,0.1709461212158203,1155,2025-02-26T02:37:00.738907,success,"messages_read=1, size=1000"
send_message,0.15091896057128906,1149,2025-02-26T02:37:00.739277,success,"size=1000, index=16"
receive_instant_message,0.17189979553222656,1155,2025-02-26T02:37:00.739455,success,"messages_read=1, size=1000"
send_message,0.16927719116210938,1149,2025-02-26T02:37:00.739847,success,"size=1000, index=17"
receive_instant_message,0.17595291137695312,1155,2025-02-26T02:37:00.740030,success,"messages_read=1, size=1000"
send_message,0.1537799835205078,1149,2025-02-26T02:37:00.740386,success,"size=1000, index=18"
receive_instant_message,0.14781951904296875,1155,2025-02-26T02:37:00.740539,success,"messages_read=1, size=1000"
send_message,0.15997886657714844,1149,2025-02-26T02:37:00.740902,success,"size=1000, index=19"
receive_instant_message,0.15735626220703125,1155,2025-02-26T02:37:00.741064,success,"messages_read=1, size=1000"
send_message,0.1506805419921875,1149,2025-02-26T02:37:00.741428,success,"size=1000, index=20"
receive_instant_message,0.15306472778320312,1155,2025-02-26T02:37:00.741587,success,"messages_read=1, size=1000"
send_message,0.15306472778320312,1149,2025-02-26T02:37:00.741945,success,"size=1000, index=21"
receive_instant_message,0.16164779663085938,1155,2025-02-26T02:37:00.742112,success,"messages_read=1, size=1000"
send_message,0.17380714416503906,1149,2025-02-26T02:37:00.742484,success,"size=1000, index=22"
receive_instant_message,0.1590251922607422,1155,2025-02-26T02:37:00.742648,success,"messages_read=1, size=1000"
send_message,0.1571178436279297,1149,2025-02-26T02:37:00.743003,success,"size=1000, index=23"
receive_instant_message,0.15997886657714844,1155,2025-02-26T02:37:00.743169,success,"messages_read=1, size=1000"
send_message,0.1442432403564453,1149,2025-02-26T02:37:00.743524,success,"size=1000, index=24"
receive_instant_message,0.1780986785888672,1155,2025-02-26T02:37:00.743708,success,"messages_read=1, size=1000"
send_message,0.14710426330566406,1149,2025-02-26T02:37:00.744051,success,"size=1000, index=25"
receive_instant_message,0.15592575073242188,1155,2025-02-26T02:37:00.744213,success,"messages_read=1, size=1000"
send_message,0.1480579376220703,1149,2025-02-26T02:37:00.744564,success,"size=1000, index=26"
receive_instant_message,0.1499652862548828,1155,2025-02-26T02:37:00.744719,success,"messages_read=1, size=1000"
send_message,0.14710426330566406,1149,2025-02-26T02:37:00.745076,success,"size=1000, index=27"
receive_instant_message,0.15306472778320312,1155,2025-02-26T02:37:00.745235,success,"messages_read=1, size=1000"
send_message,0.1678466796875,1149,2025-02-26T02:37:00.745633,success,"size=1000, index=28"
receive_instant_message,0.17213821411132812,1155,2025-02-26T02:37:00.745814,success,"messages_read=1, size=1000"
send_message,0.19478797912597656,1149,2025-02-26T02:37:00.746324,success,"size=1000, index=29"
receive_instant_message,0.2338886260986328,1155,2025-02-26T02:37:00.746568,success,"messages_read=1, size=1000"
send_message,0.19502639770507812,1149,2025-02-26T02:37:00.746997,success,"size=1000, index=30"
receive_instant_message,0.21004676818847656,1155,2025-02-26T02:37:00.747214,success,"messages_read=1, size=1000"
send_message,0.2257823944091797,1149,2025-02-26T02:37:00.747724,success,"size=1000, index=31"
receive_instant_message,0.2701282501220703,1155,2025-02-26T02:37:00.748005,success,"messages_read=1, size=1000"
send_message,0.21791458129882812,1149,2025-02-26T02:37:00.748470,success,"size=1000, index=32"
receive_instant_message,0.2460479736328125,1155,2025-02-26T02:37:00.748726,success,"messages_read=1, size=1000"
send_message,0.22101402282714844,1149,2025-02-26T02:37:00.749243,success,"size=1000, index=33"
receive_instant_message,0.20503997802734375,1155,2025-02-26T02:37:00.749457,success,"messages_read=1, size=1000"
send_message,0.35309791564941406,1149,2025-02-26T02:37:00.750265,success,"size=1000, index=34"
receive_instant_message,0.29206275939941406,1155,2025-02-26T02:37:00.750567,success,"messages_read=1, size=1000"
send_message,0.2491474151611328,1149,2025-02-26T02:37:00.751106,success,"size=1000, index=35"
receive_instant_message,0.19288063049316406,1155,2025-02-26T02:37:00.751306,success,"messages_read=1, size=1000"
send_message,0.20503997802734375,1149,2025-02-26T02:37:00.751750,success,"size=1000, index=36"
receive_instant_message,0.1971721649169922,1155,2025-02-26T02:37:00.751953,success,"messages_read=1, size=1000"
send_message,0.18477439880371094,1149,2025-02-26T02:37:00.752404,success,"size=1000, index=37"
receive_instant_message,0.19288063049316406,1155,2025-02-26T02:37:00.752603,success,"messages_read=1, size=1000"
send_message,0.1590251922607422,1149,2025-02-26T02:37:00.752960,success,"size=1000, index=38"
receive_instant_message,0.1819133758544922,1155,2025-02-26T02:37:00.753147,success,"messages_read=1, size=1000"
send_message,0.17380714416503906,1149,2025-02-26T02:37:00.753525,success,"size=1000, index=39"
receive_instant_message,0.164031982421875,1155,2025-02-26T02:37:00.753695,success,"messages_read=1, size=1000"
send_message,0.1621246337890625,1149,2025-02-26T02:37:00.754060,success,"size=1000, index=40"
receive_instant_message,0.16379356384277344,1155,2025-02-26T02:37:00.754231,success,"messages_read=1, size=1000"
send_message,0.15997886657714844,1149,2025-02-26T02:37:00.754597,success,"size=1000, index=41"
receive_instant_message,0.1583099365234375,1155,2025-02-26T02:37:00.754760,success,"messages_read=1, size=1000"
send_message,0.1659393310546875,1149,2025-02-26T02:37:00.755127,success,"size=1000, index=42"
receive_instant_message,0.1800060272216797,1155,2025-02-26T02:37:00.755314,success,"messages_read=1, size=1000"
send_message,0.1678466796875,1149,2025-02-26T02:37:00.755695,success,"size=1000, index=43"
receive_instant_message,0.15878677368164062,1155,2025-02-26T02:37:00.755860,success,"messages_read=1, size=1000"
send_message,0.15997886657714844,1149,2025-02-26T02:37:00.756227,success,"size=1000, index=44"
receive_instant_message,0.20599365234375,1155,2025-02-26T02:37:00.756440,success,"messages_read=1, size=1000"
send_message,0.1537799835205078,1149,2025-02-26T02:37:00.756819,success,"size=1000, index=45"
receive_instant_message,0.15306472778320312,1155,2025-02-26T02:37:00.756978,success,"messages_read=1, size=1000"
send_message,0.14901161193847656,1149,2025-02-26T02:37:00.757331,success,"size=1000, index=46"
receive_instant_message,0.15211105346679688,1155,2025-02-26T02:37:00.757489,success,"messages_read=1, size=1000"
send_message,0.15616416931152344,1149,2025-02-26T02:37:00.757851,success,"size=1000, index=47"
receive_instant_message,0.21004676818847656,1155,2025-02-26T02:37:00.758071,success,"messages_read=1, size=1000"
send_message,0.1709461212158203,1149,2025-02-26T02:37:00.758478,success,"size=1000, index=48"
receive_instant_message,0.15425682067871094,1155,2025-02-26T02:37:00.758638,success,"messages_read=1, size=1000"
send_message,0.1819133758544922,1149,2025-02-26T02:37:00.759024,success,"size=1000, index=49"
receive_instant_message,0.18715858459472656,1155,2025-02-26T02:37:00.759218,success,"messages_read=1, size=1000"
send_message,0.15687942504882812,1149,2025-02-26T02:37:00.759593,success,"size=1000, index=50"
receive_instant_message,0.1780986785888672,1155,2025-02-26T02:37:00.759776,success,"messages_read=1, size=1000"
send_message,0.1690387725830078,1149,2025-02-26T02:37:00.760175,success,"size=1000, index=51"
receive_instant_message,0.1628398895263672,1155,2025-02-26T02:37:00.760343,success,"messages_read=1, size=1000"
send_message,0.1590251922607422,1149,2025-02-26T02:37:00.760717,success,"size=1000, index=52"
receive_instant_message,0.16188621520996094,1155,2025-02-26T02:37:00.760885,success,"messages_read=1, size=1000"
send_message,0.1590251922607422,1149,2025-02-26T02:37:00.761254,success,"size=1000, index=53"
receive_instant_message,0.16999244689941406,1155,2025-02-26T02:37:00.761429,success,"messages_read=1, size=1000"
send_message,0.1628398895263672,1149,2025-02-26T02:37:00.761800,success,"size=1000, index=54"
receive_instant_message,0.16307830810546875,1155,2025-02-26T02:37:00.761968,success,"messages_read=1, size=1000"
send_message,0.1819133758544922,1149,2025-02-26T02:37:00.762366,success,"size=1000, index=55"
receive_instant_message,0.15425682067871094,1155,2025-02-26T02:37:00.762525,success,"messages_read=1, size=1000"
send_message,0.15306472778320312,1149,2025-02-26T02:37:00.762905,success,"size=1000, index=56"
receive_instant_message,0.22101402282714844,1155,2025-02-26T02:37:00.763132,success,"messages_read=1, size=1000"
send_message,0.18668174743652344,1149,2025-02-26T02:37:00.763572,success,"size=1000, index=57"
receive_instant_message,0.16999244689941406,1155,2025-02-26T02:37:00.763747,success,"messages_read=1, size=1000"
send_message,0.1652240753173828,1149,2025-02-26T02:37:00.764145,success,"size=1000, index=58"
receive_instant_message,0.20194053649902344,1155,2025-02-26T02:37:00.764354,success,"messages_read=1, size=1000"
send_message,0.18596649169921875,1149,2025-02-26T02:37:00.764757,success,"size=1000, index=59"
receive_instant_message,0.14281272888183594,1155,2025-02-26T02:37:00.764905,success,"messages_read=1, size=1000"
send_message,0.17690658569335938,1149,2025-02-26T02:37:00.765367,success,"size=1000, index=60"
receive_instant_message,0.17380714416503906,1155,2025-02-26T02:37:00.765548,success,"messages_read=1, size=1000"
send_message,0.20503997802734375,1149,2025-02-26T02:37:00.765988,success,"size=1000, index=61"
receive_instant_message,0.18405914306640625,1155,2025-02-26T02:37:00.766178,success,"messages_read=1, size=1000"
send_message,0.1819133758544922,1149,2025-02-26T02:37:00.766585,success,"size=1000, index=62"
receive_instant_message,0.15997886657714844,1155,2025-02-26T02:37:00.766751,success,"messages_read=1, size=1000"
send_message,0.16498565673828125,1149,2025-02-26T02:37:00.767121,success,"size=1000, index=63"
receive_instant_message,0.1609325408935547,1155,2025-02-26T02:37:00.767288,success,"messages_read=1, size=1000"
send_message,0.1499652862548828,1149,2025-02-26T02:37:00.767650,success,"size=1000, index=64"
receive_instant_message,0.1647472381591797,1155,2025-02-26T02:37:00.767819,success,"messages_read=1, size=1000"
send_message,0.1652240753173828,1149,2025-02-26T02:37:00.768198,success,"size=1000, index=65"
receive_instant_message,0.1652240753173828,1155,2025-02-26T02:37:00.768370,success,"messages_read=1, size=1000"
send_message,0.15282630920410156,1149,2025-02-26T02:37:00.768725,success,"size=1000, index=66"
receive_instant_message,0.15473365783691406,1155,2025-02-26T02:37:00.768884,success,"messages_read=1, size=1000"
send_message,0.15306472778320312,1149,2025-02-26T02:37:00.769244,success,"size=1000, index=67"
receive_instant_message,0.15306472778320312,1155,2025-02-26T02:37:00.769402,success,"messages_read=1, size=1000"
send_message,0.15997886657714844,1149,2025-02-26T02:37:00.769761,success,"size=1000, index=68"
receive_instant_message,0.17380714416503906,1155,2025-02-26T02:37:00.769941,success,"messages_read=1, size=1000"
send_message,0.1609325408935547,1149,2025-02-26T02:37:00.770323,success,"size=1000, index=69"
receive_instant_message,0.1552104949951172,1155,2025-02-26T02:37:00.770483,success,"messages_read=1, size=1000"
send_message,0.16808509826660156,1149,2025-02-26T02:37:00.770892,success,"size=1000, index=70"
receive_instant_message,0.16498565673828125,1155,2025-02-26T02:37:00.771062,success,"messages_read=1, size=1000"
send_message,0.15306472778320312,1149,2025-02-26T02:37:00.771426,success,"size=1000, index=71"
receive_instant_message,0.1659393310546875,1155,2025-02-26T02:37:00.771599,success,"messages_read=1, size=1000"
send_message,0.16689300537109375,1149,2025-02-26T02:37:00.771980,success,"size=1000, index=72"
receive_instant_message,0.1556873321533203,1155,2025-02-26T02:37:00.772143,success,"messages_read=1, size=1000"
send_message,0.15091896057128906,1149,2025-02-26T02:37:00.772498,success,"size=1000, index=73"
receive_instant_message,0.1678466796875,1155,2025-02-26T02:37:00.772671,success,"messages_read=1, size=1000"
send_message,0.14901161193847656,1149,2025-02-26T02:37:00.773019,success,"size=1000, index=74"
receive_instant_message,0.15091896057128906,1155,2025-02-26T02:37:00.773175,success,"messages_read=1, size=1000"
send_message,0.16117095947265625,1149,2025-02-26T02:37:00.773537,success,"size=1000, index=75"
receive_instant_message,0.1621246337890625,1155,2025-02-26T02:37:00.773706,success,"messages_read=1, size=1000"
send_message,0.1430511474609375,1149,2025-02-26T02:37:00.774052,success,"size=1000, index=76"
receive_instant_message,0.14400482177734375,1155,2025-02-26T02:37:00.774201,success,"messages_read=1, size=1000"
send_message,0.14209747314453125,1149,2025-02-26T02:37:00.774560,success,"size=1000, index=77"
receive_instant_message,0.15592575073242188,1155,2025-02-26T02:37:00.774721,success,"messages_read=1, size=1000"
send_message,0.14901161193847656,1149,2025-02-26T02:37:00.775082,success,"size=1000, index=78"
receive_instant_message,0.1399517059326172,1155,2025-02-26T02:37:00.775228,success,"messages_read=1, size=1000"
send_message,0.14281272888183594,1149,2025-02-26T02:37:00.775571,success,"size=1000, index=79"
receive_instant_message,0.186920166015625,1155,2025-02-26T02:37:00.775765,success,"messages_read=1, size=1000"
send_message,0.1671314239501953,1149,2025-02-26T02:37:00.776158,success,"size=1000, index=80"
receive_instant_message,0.16498565673828125,1155,2025-02-26T02:37:00.776329,success,"messages_read=1, size=1000"
send_message,0.1480579376220703,1149,2025-02-26T02:37:00.776675,success,"size=1000, index=81"
receive_instant_message,0.16379356384277344,1155,2025-02-26T02:37:00.776844,success,"messages_read=1, size=1000"
send_message,0.16808509826660156,1149,2025-02-26T02:37:00.777213,success,"size=1000, index=82"
receive_instant_message,0.14400482177734375,1155,2025-02-26T02:37:00.777361,success,"messages_read=1, size=1000"
send_message,0.15926361083984375,1149,2025-02-26T02:37:00.777735,success,"size=1000, index=83"
receive_instant_message,0.1862049102783203,1155,2025-02-26T02:37:00.777926,success,"messages_read=1, size=1000"
send_message,0.16117095947265625,1149,2025-02-26T02:37:00.778301,success,"size=1000, index=84"
receive_instant_message,0.15807151794433594,1155,2025-02-26T02:37:00.778464,success,"messages_read=1, size=1000"
send_message,0.15211105346679688,1149,2025-02-26T02:37:00.778824,success,"size=1000, index=85"
receive_instant_message,0.16999244689941406,1155,2025-02-26T02:37:00.778999,success,"messages_read=1, size=1000"
send_message,0.2238750457763672,1149,2025-02-26T02:37:00.779435,success,"size=1000, index=86"
receive_instant_message,0.22101402282714844,1155,2025-02-26T02:37:00.779663,success,"messages_read=1, size=1000"
send_message,0.24771690368652344,1149,2025-02-26T02:37:00.780169,success,"size=1000, index=87"
receive_instant_message,0.21696090698242188,1155,2025-02-26T02:37:00.780396,success,"messages_read=1, size=1000"
send_message,0.24580955505371094,1149,2025-02-26T02:37:00.780894,success,"size=1000, index=88"
receive_instant_message,0.25272369384765625,1155,2025-02-26T02:37:00.781157,success,"messages_read=1, size=1000"
send_message,0.26917457580566406,1149,2025-02-26T02:37:00.781787,success,"size=1000, index=89"
receive_instant_message,0.25010108947753906,1155,2025-02-26T02:37:00.782045,success,"messages_read=1, size=1000"
send_message,0.2529621124267578,1149,2025-02-26T02:37:00.782563,success,"size=1000, index=90"
receive_instant_message,0.3409385681152344,1155,2025-02-26T02:37:00.782911,success,"messages_read=1, size=1000"
send_message,0.22029876708984375,1149,2025-02-26T02:37:00.783453,success,"size=1000, index=91"
receive_instant_message,0.21600723266601562,1155,2025-02-26T02:37:00.783677,success,"messages_read=1, size=1000"
send_message,0.2410411834716797,1149,2025-02-26T02:37:00.784185,success,"size=1000, index=92"
receive_instant_message,0.21600723266601562,1155,2025-02-26T02:37:00.784417,success,"messages_read=1, size=1000"
send_message,0.1742839813232422,1149,2025-02-26T02:37:00.784822,success,"size=1000, index=93"
receive_instant_message,0.15282630920410156,1155,2025-02-26T02:37:00.784980,success,"messages_read=1, size=1000"
send_message,0.15807151794433594,1149,2025-02-26T02:37:00.785358,success,"size=1000, index=94"
receive_instant_message,0.16927719116210938,1155,2025-02-26T02:37:00.785532,success,"messages_read=1, size=1000"
send_message,0.16307830810546875,1149,2025-02-26T02:37:00.785916,success,"size=1000, index=95"
receive_instant_message,0.1399517059326172,1155,2025-02-26T02:37:00.786065,success,"messages_read=1, size=1000"
send_message,0.14781951904296875,1149,2025-02-26T02:37:00.786432,success,"size=1000, index=96"
receive_instant_message,0.1780986785888672,1155,2025-02-26T02:37:00.786615,success,"messages_read=1, size=1000"
send_message,0.1537799835205078,1149,2025-02-26T02:37:00.786977,success,"size=1000, index=97"
receive_instant_message,0.186920166015625,1155,2025-02-26T02:37:00.787170,success,"messages_read=1, size=1000"
send_message,0.16689300537109375,1149,2025-02-26T02:37:00.787546,success,"size=1000, index=98"
receive_instant_message,0.17881393432617188,1155,2025-02-26T02:37:00.787731,success,"messages_read=1, size=1000"
send_message,0.15115737915039062,1149,2025-02-26T02:37:00.788079,success,"size=1000, index=99"
receive_instant_message,0.14734268188476562,1155,2025-02-26T02:37:00.788233,success,"messages_read=1, size=1000"
send_message,0.17023086547851562,10149,2025-02-26T02:37:00.790376,success,"size=10000, index=0"
receive_instant_message,0.17499923706054688,10155,2025-02-26T02:37:00.790560,success,"messages_read=1, size=10000"
send_message,0.1971721649169922,10149,2025-02-26T02:37:00.792869,success,"size=10000, index=1"
receive_instant_message,0.1609325408935547,10155,2025-02-26T02:37:00.793035,success,"messages_read=1, size=10000"
send_message,0.15997886657714844,10149,2025-02-26T02:37:00.795181,success,"size=10000, index=2"
receive_instant_message,0.16069412231445312,10155,2025-02-26T02:37:00.795348,success,"messages_read=1, size=10000"
send_message,0.22912025451660156,10149,2025-02-26T02:37:00.797796,success,"size=10000, index=3"
receive_instant_message,0.18095970153808594,10155,2025-02-26T02:37:00.797983,success,"messages_read=1, size=10000"
send_message,0.308990478515625,10149,2025-02-26T02:37:00.800487,success,"size=10000, index=4"
receive_instant_message,0.2810955047607422,10155,2025-02-26T02:37:00.800778,success,"messages_read=1, size=10000"
send_message,0.20003318786621094,10149,2025-02-26T02:37:00.803056,success,"size=10000, index=5"
receive_instant_message,0.20503997802734375,10155,2025-02-26T02:37:00.803270,success,"messages_read=1, size=10000"
send_message,0.19097328186035156,10149,2025-02-26T02:37:00.805383,success,"size=10000, index=6"
receive_instant_message,0.1690387725830078,10155,2025-02-26T02:37:00.805557,success,"messages_read=1, size=10000"
send_message,0.16880035400390625,10149,2025-02-26T02:37:00.807678,success,"size=10000, index=7"
receive_instant_message,0.17213821411132812,10155,2025-02-26T02:37:00.807855,success,"messages_read=1, size=10000"
send_message,0.17523765563964844,10149,2025-02-26T02:37:00.809972,success,"size=10000, index=8"
receive_instant_message,0.16880035400390625,10155,2025-02-26T02:37:00.810148,success,"messages_read=1, size=10000"
send_message,0.3521442413330078,10149,2025-02-26T02:37:00.812649,success,"size=10000, index=9"
receive_instant_message,0.2560615539550781,10155,2025-02-26T02:37:00.812915,success,"messages_read=1, size=10000"
send_message,0.4029273986816406,10149,2025-02-26T02:37:00.816421,success,"size=10000, index=10"
receive_instant_message,0.23102760314941406,10155,2025-02-26T02:37:00.816662,success,"messages_read=1, size=10000"
send_message,0.17595291137695312,10149,2025-02-26T02:37:00.818917,success,"size=10000, index=11"
receive_instant_message,0.1800060272216797,10155,2025-02-26T02:37:00.819102,success,"messages_read=1, size=10000"
send_message,0.17690658569335938,10149,2025-02-26T02:37:00.821194,success,"size=10000, index=12"
receive_instant_message,0.17905235290527344,10155,2025-02-26T02:37:00.821379,success,"messages_read=1, size=10000"
send_message,0.17833709716796875,10149,2025-02-26T02:37:00.823504,success,"size=10000, index=13"
receive_instant_message,0.20623207092285156,10155,2025-02-26T02:37:00.823718,success,"messages_read=1, size=10000"
send_message,0.186920166015625,10149,2025-02-26T02:37:00.826117,success,"size=10000, index=14"
receive_instant_message,0.17714500427246094,10155,2025-02-26T02:37:00.826299,success,"messages_read=1, size=10000"
send_message,0.18095970153808594,10149,2025-02-26T02:37:00.828429,success,"size=10000, index=15"
receive_instant_message,0.18405914306640625,10155,2025-02-26T02:37:00.828621,success,"messages_read=1, size=10000"
send_message,0.20503997802734375,10149,2025-02-26T02:37:00.830913,success,"size=10000, index=16"
receive_instant_message,0.19311904907226562,10155,2025-02-26T02:37:00.831115,success,"messages_read=1, size=10000"
send_message,0.26607513427734375,10149,2025-02-26T02:37:00.833687,success,"size=10000, index=17"
receive_instant_message,0.2949237823486328,10155,2025-02-26T02:37:00.833989,success,"messages_read=1, size=10000"
send_message,0.19025802612304688,10149,2025-02-26T02:37:00.836221,success,"size=10000, index=18"
receive_instant_message,0.1800060272216797,10155,2025-02-26T02:37:00.836408,success,"messages_read=1, size=10000"
send_message,0.1900196075439453,10149,2025-02-26T02:37:00.838773,success,"size=10000, index=19"
receive_instant_message,0.2808570861816406,10155,2025-02-26T02:37:00.839061,success,"messages_read=1, size=10000"
send_message,0.17023086547851562,10149,2025-02-26T02:37:00.841212,success,"size=10000, index=20"
receive_instant_message,0.15997886657714844,10155,2025-02-26T02:37:00.841378,success,"messages_read=1, size=10000"
send_message,0.17213821411132812,10149,2025-02-26T02:37:00.843502,success,"size=10000, index=21"
receive_instant_message,0.1647472381591797,10155,2025-02-26T02:37:00.843673,success,"messages_read=1, size=10000"
send_message,0.2682209014892578,10149,2025-02-26T02:37:00.846041,success,"size=10000, index=22"
receive_instant_message,0.36025047302246094,10155,2025-02-26T02:37:00.846412,success,"messages_read=1, size=10000"
send_message,0.2601146697998047,10149,2025-02-26T02:37:00.849333,success,"size=10000, index=23"
receive_instant_message,0.2770423889160156,10155,2025-02-26T02:37:00.849619,success,"messages_read=1, size=10000"
send_message,0.19097328186035156,10149,2025-02-26T02:37:00.851923,success,"size=10000, index=24"
receive_instant_message,0.19311904907226562,10155,2025-02-26T02:37:00.852122,success,"messages_read=1, size=10000"
send_message,0.2200603485107422,10149,2025-02-26T02:37:00.854404,success,"size=10000, index=25"
receive_instant_message,0.19621849060058594,10155,2025-02-26T02:37:00.854607,success,"messages_read=1, size=10000"
send_message,0.18405914306640625,10149,2025-02-26T02:37:00.856836,success,"size=10000, index=26"
receive_instant_message,0.18405914306640625,10155,2025-02-26T02:37:00.857027,success,"messages_read=1, size=10000"
send_message,0.18715858459472656,10149,2025-02-26T02:37:00.859335,success,"size=10000, index=27"
receive_instant_message,0.3139972686767578,10155,2025-02-26T02:37:00.859658,success,"messages_read=1, size=10000"
send_message,0.21028518676757812,10149,2025-02-26T02:37:00.862056,success,"size=10000, index=28"
receive_instant_message,0.19407272338867188,10155,2025-02-26T02:37:00.862256,success,"messages_read=1, size=10000"
send_message,0.25582313537597656,10149,2025-02-26T02:37:00.864886,success,"size=10000, index=29"
receive_instant_message,0.2028942108154297,10155,2025-02-26T02:37:00.865096,success,"messages_read=1, size=10000"
send_message,0.20694732666015625,10149,2025-02-26T02:37:00.867301,success,"size=10000, index=30"
receive_instant_message,0.18215179443359375,10155,2025-02-26T02:37:00.867490,success,"messages_read=1, size=10000"
send_message,0.17833709716796875,10149,2025-02-26T02:37:00.869649,success,"size=10000, index=31"
receive_instant_message,0.23317337036132812,10155,2025-02-26T02:37:00.869890,success,"messages_read=1, size=10000"
send_message,0.1780986785888672,10149,2025-02-26T02:37:00.872007,success,"size=10000, index=32"
receive_instant_message,0.2009868621826172,10155,2025-02-26T02:37:00.872213,success,"messages_read=1, size=10000"
send_message,0.16999244689941406,10149,2025-02-26T02:37:00.874283,success,"size=10000, index=33"
receive_instant_message,0.16689300537109375,10155,2025-02-26T02:37:00.874455,success,"messages_read=1, size=10000"
send_message,0.1747608184814453,10149,2025-02-26T02:37:00.876626,success,"size=10000, index=34"
receive_instant_message,0.17309188842773438,10155,2025-02-26T02:37:00.876806,success,"messages_read=1, size=10000"
send_message,0.2658367156982422,10149,2025-02-26T02:37:00.879162,success,"size=10000, index=35"
receive_instant_message,0.34618377685546875,10155,2025-02-26T02:37:00.879519,success,"messages_read=1, size=10000"
send_message,0.25010108947753906,10149,2025-02-26T02:37:00.882481,success,"size=10000, index=36"
receive_instant_message,0.2129077911376953,10155,2025-02-26T02:37:00.882706,success,"messages_read=1, size=10000"
send_message,0.1862049102783203,10149,2025-02-26T02:37:00.884967,success,"size=10000, index=37"
receive_instant_message,0.1709461212158203,10155,2025-02-26T02:37:00.885144,success,"messages_read=1, size=10000"
send_message,0.16999244689941406,10149,2025-02-26T02:37:00.887256,success,"size=10000, index=38"
receive_instant_message,0.25200843811035156,10155,2025-02-26T02:37:00.887514,success,"messages_read=1, size=10000"
send_message,0.1709461212158203,10149,2025-02-26T02:37:00.889663,success,"size=10000, index=39"
receive_instant_message,0.15783309936523438,10155,2025-02-26T02:37:00.889827,success,"messages_read=1, size=10000"
send_message,0.2982616424560547,10149,2025-02-26T02:37:00.892156,success,"size=10000, index=40"
receive_instant_message,0.18715858459472656,10155,2025-02-26T02:37:00.892350,success,"messages_read=1, size=10000"
send_message,0.25081634521484375,10149,2025-02-26T02:37:00.894864,success,"size=10000, index=41"
receive_instant_message,0.2319812774658203,10155,2025-02-26T02:37:00.895116,success,"messages_read=1, size=10000"
send_message,0.2238750457763672,10149,2025-02-26T02:37:00.897533,success,"size=10000, index=42"
receive_instant_message,0.3669261932373047,10155,2025-02-26T02:37:00.897906,success,"messages_read=1, size=10000"
send_message,0.18596649169921875,10149,2025-02-26T02:37:00.900282,success,"size=10000, index=43"
receive_instant_message,0.17309188842773438,10155,2025-02-26T02:37:00.900461,success,"messages_read=1, size=10000"
send_message,0.18262863159179688,10149,2025-02-26T02:37:00.902634,success,"size=10000, index=44"
receive_instant_message,0.22792816162109375,10155,2025-02-26T02:37:00.902869,success,"messages_read=1, size=10000"
send_message,0.17905235290527344,10149,2025-02-26T02:37:00.905068,success,"size=10000, index=45"
receive_instant_message,0.1919269561767578,10155,2025-02-26T02:37:00.905267,success,"messages_read=1, size=10000"
send_message,0.1850128173828125,10149,2025-02-26T02:37:00.907354,success,"size=10000, index=46"
receive_instant_message,0.1499652862548828,10155,2025-02-26T02:37:00.907508,success,"messages_read=1, size=10000"
send_message,0.21195411682128906,10149,2025-02-26T02:37:00.909696,success,"size=10000, index=47"
receive_instant_message,0.1800060272216797,10155,2025-02-26T02:37:00.909884,success,"messages_read=1, size=10000"
send_message,0.16307830810546875,10149,2025-02-26T02:37:00.911970,success,"size=10000, index=48"
receive_instant_message,0.1690387725830078,10155,2025-02-26T02:37:00.912144,success,"messages_read=1, size=10000"
send_message,0.2849102020263672,10149,2025-02-26T02:37:00.914963,success,"size=10000, index=49"
receive_instant_message,0.3409385681152344,10155,2025-02-26T02:37:00.915313,success,"messages_read=1, size=10000"
send_message,0.21791458129882812,10149,2025-02-26T02:37:00.918174,success,"size=10000, index=50"
receive_instant_message,0.17404556274414062,10155,2025-02-26T02:37:00.918355,success,"messages_read=1, size=10000"
send_message,0.20194053649902344,10149,2025-02-26T02:37:00.920464,success,"size=10000, index=51"
receive_instant_message,0.19311904907226562,10155,2025-02-26T02:37:00.920666,success,"messages_read=1, size=10000"
send_message,0.17786026000976562,10149,2025-02-26T02:37:00.922764,success,"size=10000, index=52"
receive_instant_message,0.18596649169921875,10155,2025-02-26T02:37:00.922956,success,"messages_read=1, size=10000"
send_message,0.1800060272216797,10149,2025-02-26T02:37:00.925203,success,"size=10000, index=53"
receive_instant_message,0.18286705017089844,10155,2025-02-26T02:37:00.925393,success,"messages_read=1, size=10000"
send_message,0.20384788513183594,10149,2025-02-26T02:37:00.927670,success,"size=10000, index=54"
receive_instant_message,0.17976760864257812,10155,2025-02-26T02:37:00.927855,success,"messages_read=1, size=10000"
send_message,0.23984909057617188,10149,2025-02-26T02:37:00.930282,success,"size=10000, index=55"
receive_instant_message,0.20313262939453125,10155,2025-02-26T02:37:00.930493,success,"messages_read=1, size=10000"
send_message,0.2079010009765625,10149,2025-02-26T02:37:00.932755,success,"size=10000, index=56"
receive_instant_message,0.1900196075439453,10155,2025-02-26T02:37:00.932951,success,"messages_read=1, size=10000"
send_message,0.18024444580078125,10149,2025-02-26T02:37:00.935101,success,"size=10000, index=57"
receive_instant_message,0.1761913299560547,10155,2025-02-26T02:37:00.935283,success,"messages_read=1, size=10000"
send_message,0.18525123596191406,10149,2025-02-26T02:37:00.937422,success,"size=10000, index=58"
receive_instant_message,0.1671314239501953,10155,2025-02-26T02:37:00.937595,success,"messages_read=1, size=10000"
send_message,0.1838207244873047,10149,2025-02-26T02:37:00.939776,success,"size=10000, index=59"
receive_instant_message,0.1800060272216797,10155,2025-02-26T02:37:00.939962,success,"messages_read=1, size=10000"
send_message,0.17309188842773438,10149,2025-02-26T02:37:00.942042,success,"size=10000, index=60"
receive_instant_message,0.15425682067871094,10155,2025-02-26T02:37:00.942201,success,"messages_read=1, size=10000"
send_message,0.1671314239501953,10149,2025-02-26T02:37:00.944423,success,"size=10000, index=61"
receive_instant_message,0.1480579376220703,10155,2025-02-26T02:37:00.944576,success,"messages_read=1, size=10000"
send_message,0.3209114074707031,10149,2025-02-26T02:37:00.947478,success,"size=10000, index=62"
receive_instant_message,0.2276897430419922,10155,2025-02-26T02:37:00.947716,success,"messages_read=1, size=10000"
send_message,0.2110004425048828,10149,2025-02-26T02:37:00.950333,success,"size=10000, index=63"
receive_instant_message,0.20503997802734375,10155,2025-02-26T02:37:00.950546,success,"messages_read=1, size=10000"
send_message,0.20575523376464844,10149,2025-02-26T02:37:00.952766,success,"size=10000, index=64"
receive_instant_message,0.17404556274414062,10155,2025-02-26T02:37:00.952947,success,"messages_read=1, size=10000"
send_message,0.17523765563964844,10149,2025-02-26T02:37:00.955024,success,"size=10000, index=65"
receive_instant_message,0.17213821411132812,10155,2025-02-26T02:37:00.955201,success,"messages_read=1, size=10000"
send_message,0.21409988403320312,10149,2025-02-26T02:37:00.957424,success,"size=10000, index=66"
receive_instant_message,0.21910667419433594,10155,2025-02-26T02:37:00.957654,success,"messages_read=1, size=10000"
send_message,0.1709461212158203,10149,2025-02-26T02:37:00.959950,success,"size=10000, index=67"
receive_instant_message,0.17309188842773438,10155,2025-02-26T02:37:00.960133,success,"messages_read=1, size=10000"
send_message,0.24199485778808594,10149,2025-02-26T02:37:00.962392,success,"size=10000, index=68"
receive_instant_message,0.1838207244873047,10155,2025-02-26T02:37:00.962582,success,"messages_read=1, size=10000"
send_message,0.2570152282714844,10149,2025-02-26T02:37:00.965038,success,"size=10000, index=69"
receive_instant_message,0.21696090698242188,10155,2025-02-26T02:37:00.965263,success,"messages_read=1, size=10000"
send_message,0.18215179443359375,10149,2025-02-26T02:37:00.967439,success,"size=10000, index=70"
receive_instant_message,0.19216537475585938,10155,2025-02-26T02:37:00.967636,success,"messages_read=1, size=10000"
send_message,0.17023086547851562,10149,2025-02-26T02:37:00.969767,success,"size=10000, index=71"
receive_instant_message,0.19812583923339844,10155,2025-02-26T02:37:00.969971,success,"messages_read=1, size=10000"
send_message,0.18477439880371094,10149,2025-02-26T02:37:00.972128,success,"size=10000, index=72"
receive_instant_message,0.1678466796875,10155,2025-02-26T02:37:00.972301,success,"messages_read=1, size=10000"
send_message,0.18286705017089844,10149,2025-02-26T02:37:00.974386,success,"size=10000, index=73"
receive_instant_message,0.18215179443359375,10155,2025-02-26T02:37:00.974574,success,"messages_read=1, size=10000"
send_message,0.18215179443359375,10149,2025-02-26T02:37:00.976710,success,"size=10000, index=74"
receive_instant_message,0.19931793212890625,10155,2025-02-26T02:37:00.976914,success,"messages_read=1, size=10000"
send_message,0.2002716064453125,10149,2025-02-26T02:37:00.979165,success,"size=10000, index=75"
receive_instant_message,0.35309791564941406,10155,2025-02-26T02:37:00.979529,success,"messages_read=1, size=10000"
send_message,0.225067138671875,10149,2025-02-26T02:37:00.982331,success,"size=10000, index=76"
receive_instant_message,0.2701282501220703,10155,2025-02-26T02:37:00.982618,success,"messages_read=1, size=10000"
send_message,0.17309188842773438,10149,2025-02-26T02:37:00.984881,success,"size=10000, index=77"
receive_instant_message,0.18286705017089844,10155,2025-02-26T02:37:00.985072,success,"messages_read=1, size=10000"
send_message,0.17786026000976562,10149,2025-02-26T02:37:00.987286,success,"size=10000, index=78"
receive_instant_message,0.20194053649902344,10155,2025-02-26T02:37:00.987495,success,"messages_read=1, size=10000"
send_message,0.1761913299560547,10149,2025-02-26T02:37:00.989670,success,"size=10000, index=79"
receive_instant_message,0.1552104949951172,10155,2025-02-26T02:37:00.989830,success,"messages_read=1, size=10000"
send_message,0.17714500427246094,10149,2025-02-26T02:37:00.992091,success,"size=10000, index=80"
receive_instant_message,0.22721290588378906,10155,2025-02-26T02:37:00.992325,success,"messages_read=1, size=10000"
send_message,0.1780986785888672,10149,2025-02-26T02:37:00.994510,success,"size=10000, index=81"
receive_instant_message,0.1761913299560547,10155,2025-02-26T02:37:00.994691,success,"messages_read=1, size=10000"
send_message,0.2601146697998047,10149,2025-02-26T02:37:00.997104,success,"size=10000, index=82"
receive_instant_message,0.2338886260986328,10155,2025-02-26T02:37:00.997343,success,"messages_read=1, size=10000"
send_message,0.26988983154296875,10149,2025-02-26T02:37:00.999938,success,"size=10000, index=83"
receive_instant_message,0.2110004425048828,10155,2025-02-26T02:37:01.000156,success,"messages_read=1, size=10000"
send_message,0.21409988403320312,10149,2025-02-26T02:37:01.002319,success,"size=10000, index=84"
receive_instant_message,0.19693374633789062,10155,2025-02-26T02:37:01.002522,success,"messages_read=1, size=10000"
send_message,0.1819133758544922,10149,2025-02-26T02:37:01.004712,success,"size=10000, index=85"
receive_instant_message,0.18405914306640625,10155,2025-02-26T02:37:01.004903,success,"messages_read=1, size=10000"
send_message,0.17595291137695312,10149,2025-02-26T02:37:01.007039,success,"size=10000, index=86"
receive_instant_message,0.1888275146484375,10155,2025-02-26T02:37:01.007234,success,"messages_read=1, size=10000"
send_message,0.2181529998779297,10149,2025-02-26T02:37:01.009389,success,"size=10000, index=87"
receive_instant_message,0.18787384033203125,10155,2025-02-26T02:37:01.009583,success,"messages_read=1, size=10000"
send_message,0.22292137145996094,10149,2025-02-26T02:37:01.011796,success,"size=10000, index=88"
receive_instant_message,0.22411346435546875,10155,2025-02-26T02:37:01.012027,success,"messages_read=1, size=10000"
send_message,0.3440380096435547,10149,2025-02-26T02:37:01.014822,success,"size=10000, index=89"
receive_instant_message,0.2980232238769531,10155,2025-02-26T02:37:01.015130,success,"messages_read=1, size=10000"
send_message,0.2281665802001953,10149,2025-02-26T02:37:01.017468,success,"size=10000, index=90"
receive_instant_message,0.209808349609375,10155,2025-02-26T02:37:01.017687,success,"messages_read=1, size=10000"
send_message,0.186920166015625,10149,2025-02-26T02:37:01.019776,success,"size=10000, index=91"
receive_instant_message,0.2067089080810547,10155,2025-02-26T02:37:01.019988,success,"messages_read=1, size=10000"
send_message,0.20313262939453125,10149,2025-02-26T02:37:01.022112,success,"size=10000, index=92"
receive_instant_message,0.19407272338867188,10155,2025-02-26T02:37:01.022312,success,"messages_read=1, size=10000"
send_message,0.25582313537597656,10149,2025-02-26T02:37:01.024572,success,"size=10000, index=93"
receive_instant_message,0.2770423889160156,10155,2025-02-26T02:37:01.024860,success,"messages_read=1, size=10000"
send_message,0.20313262939453125,10149,2025-02-26T02:37:01.027156,success,"size=10000, index=94"
receive_instant_message,0.2129077911376953,10155,2025-02-26T02:37:01.027375,success,"messages_read=1, size=10000"
send_message,0.2110004425048828,10149,2025-02-26T02:37:01.029695,success,"size=10000, index=95"
receive_instant_message,0.19097328186035156,10155,2025-02-26T02:37:01.029891,success,"messages_read=1, size=10000"
send_message,0.19025802612304688,10149,2025-02-26T02:37:01.032039,success,"size=10000, index=96"
receive_instant_message,0.20384788513183594,10155,2025-02-26T02:37:01.032251,success,"messages_read=1, size=10000"
send_message,0.21696090698242188,10149,2025-02-26T02:37:01.034563,success,"size=10000, index=97"
receive_instant_message,0.3039836883544922,10155,2025-02-26T02:37:01.034880,success,"messages_read=1, size=10000"
send_message,0.2009868621826172,10149,2025-02-26T02:37:01.037045,success,"size=10000, index=98"
receive_instant_message,0.209808349609375,10155,2025-02-26T02:37:01.037261,success,"messages_read=1, size=10000"
send_message,0.2002716064453125,10149,2025-02-26T02:37:01.039365,success,"size=10000, index=99"
receive_instant_message,0.1971721649169922,10155,2025-02-26T02:37:01.039568,success,"messages_read=1, size=10000"
logout,0.22411346435546875,94,2025-02-26T02:37:01.039804,success,test_user_3_1740555420
send_offline_message,0.1919269561767578,248,2025-02-26T02:37:01.040042,success,index=0
send_offline_message,0.1728534698486328,248,2025-02-26T02:37:01.040244,success,index=1
send_offline_message,0.1742839813232422,248,2025-02-26T02:37:01.040448,success,index=2
send_offline_message,0.1728534698486328,248,2025-02-26T02:37:01.040653,success,index=3
send_offline_message,0.16498565673828125,248,2025-02-26T02:37:01.040851,success,index=4
send_offline_message,0.16689300537109375,248,2025-02-26T02:37:01.041044,success,index=5
send_offline_message,0.17189979553222656,248,2025-02-26T02:37:01.041239,success,index=6
send_offline_message,0.17380714416503906,248,2025-02-26T02:37:01.041440,success,index=7
send_offline_message,0.1659393310546875,248,2025-02-26T02:37:01.041641,success,index=8
send_offline_message,0.1659393310546875,248,2025-02-26T02:37:01.041835,success,index=9
send_offline_message,0.16927719116210938,248,2025-02-26T02:37:01.042034,success,index=10
send_offline_message,0.1671314239501953,248,2025-02-26T02:37:01.042235,success,index=11
send_offline_message,0.16188621520996094,248,2025-02-26T02:37:01.042430,success,index=12
send_offline_message,0.1728534698486328,248,2025-02-26T02:37:01.042633,success,index=13
send_offline_message,0.17905235290527344,248,2025-02-26T02:37:01.042842,success,index=14
send_offline_message,0.17595291137695312,248,2025-02-26T02:37:01.043049,success,index=15
send_offline_message,0.16307830810546875,248,2025-02-26T02:37:01.043238,success,index=16
send_offline_message,0.1590251922607422,248,2025-02-26T02:37:01.043425,success,index=17
send_offline_message,0.16188621520996094,248,2025-02-26T02:37:01.043620,success,index=18
send_offline_message,0.1747608184814453,248,2025-02-26T02:37:01.043829,success,index=19
send_offline_message,0.1862049102783203,248,2025-02-26T02:37:01.044049,success,index=20
send_offline_message,0.16808509826660156,248,2025-02-26T02:37:01.044242,success,index=21
send_offline_message,0.17714500427246094,248,2025-02-26T02:37:01.044445,success,index=22
send_offline_message,0.17309188842773438,248,2025-02-26T02:37:01.044645,success,index=23
send_offline_message,0.18310546875,248,2025-02-26T02:37:01.044854,success,index=24
send_offline_message,0.19407272338867188,248,2025-02-26T02:37:01.045076,success,index=25
send_offline_message,0.1678466796875,248,2025-02-26T02:37:01.045272,success,index=26
send_offline_message,0.1652240753173828,248,2025-02-26T02:37:01.045464,success,index=27
send_offline_message,0.15807151794433594,248,2025-02-26T02:37:01.045648,success,index=28
send_offline_message,0.16307830810546875,248,2025-02-26T02:37:01.045838,success,index=29
send_offline_message,0.20813941955566406,248,2025-02-26T02:37:01.046074,success,index=30
send_offline_message,0.23698806762695312,248,2025-02-26T02:37:01.046350,success,index=31
send_offline_message,0.2460479736328125,248,2025-02-26T02:37:01.046634,success,index=32
send_offline_message,0.2541542053222656,248,2025-02-26T02:37:01.046918,success,index=33
send_offline_message,0.3581047058105469,248,2025-02-26T02:37:01.047322,success,index=34
send_offline_message,0.31113624572753906,248,2025-02-26T02:37:01.047673,success,index=35
send_offline_message,0.28514862060546875,248,2025-02-26T02:37:01.047989,success,index=36
send_offline_message,0.28014183044433594,248,2025-02-26T02:37:01.048302,success,index=37
send_offline_message,0.23603439331054688,248,2025-02-26T02:37:01.048605,success,index=38
send_offline_message,0.2510547637939453,248,2025-02-26T02:37:01.048904,success,index=39
send_offline_message,0.24700164794921875,248,2025-02-26T02:37:01.049179,success,index=40
send_offline_message,0.2071857452392578,248,2025-02-26T02:37:01.049421,success,index=41
send_offline_message,0.20813941955566406,248,2025-02-26T02:37:01.049682,success,index=42
send_offline_message,0.240325927734375,248,2025-02-26T02:37:01.049969,success,index=43
send_offline_message,0.2181529998779297,248,2025-02-26T02:37:01.050222,success,index=44
send_offline_message,0.22983551025390625,248,2025-02-26T02:37:01.050487,success,index=45
send_offline_message,0.2090930938720703,248,2025-02-26T02:37:01.050749,success,index=46
send_offline_message,0.21886825561523438,248,2025-02-26T02:37:01.051017,success,index=47
send_offline_message,0.19097328186035156,248,2025-02-26T02:37:01.051234,success,index=48
send_offline_message,0.1609325408935547,248,2025-02-26T02:37:01.051423,success,index=49
send_offline_message,0.15592575073242188,248,2025-02-26T02:37:01.051612,success,index=50
send_offline_message,0.15282630920410156,248,2025-02-26T02:37:01.051796,success,index=51
send_offline_message,0.16307830810546875,248,2025-02-26T02:37:01.051992,success,index=52
send_offline_message,0.15807151794433594,248,2025-02-26T02:37:01.052177,success,index=53
send_offline_message,0.1621246337890625,248,2025-02-26T02:37:01.052373,success,index=54
send_offline_message,0.1499652862548828,248,2025-02-26T02:37:01.052550,success,index=55
send_offline_message,0.15401840209960938,248,2025-02-26T02:37:01.052737,success,index=56
send_offline_message,0.1480579376220703,248,2025-02-26T02:37:01.052918,success,index=57
send_offline_message,0.1671314239501953,248,2025-02-26T02:37:01.053117,success,index=58
send_offline_message,0.15091896057128906,248,2025-02-26T02:37:01.053298,success,index=59
send_offline_message,0.14209747314453125,248,2025-02-26T02:37:01.053472,success,index=60
send_offline_message,0.15091896057128906,248,2025-02-26T02:37:01.053656,success,index=61
send_offline_message,0.14400482177734375,248,2025-02-26T02:37:01.053832,success,index=62
send_offline_message,0.1461505889892578,248,2025-02-26T02:37:01.054010,success,index=63
send_offline_message,0.16379356384277344,248,2025-02-26T02:37:01.054207,success,index=64
send_offline_message,0.16427040100097656,248,2025-02-26T02:37:01.054405,success,index=65
send_offline_message,0.14781951904296875,248,2025-02-26T02:37:01.054585,success,index=66
send_offline_message,0.16999244689941406,248,2025-02-26T02:37:01.054787,success,index=67
send_offline_message,0.1709461212158203,248,2025-02-26T02:37:01.054989,success,index=68
send_offline_message,0.1709461212158203,248,2025-02-26T02:37:01.055188,success,index=69
send_offline_message,0.1537799835205078,248,2025-02-26T02:37:01.055370,success,index=70
send_offline_message,0.16999244689941406,248,2025-02-26T02:37:01.055573,success,index=71
send_offline_message,0.1499652862548828,248,2025-02-26T02:37:01.055752,success,index=72
send_offline_message,0.1590251922607422,248,2025-02-26T02:37:01.055943,success,index=73
send_offline_message,0.1609325408935547,248,2025-02-26T02:37:01.056139,success,index=74
send_offline_message,0.15306472778320312,248,2025-02-26T02:37:01.056325,success,index=75
send_offline_message,0.1518726348876953,248,2025-02-26T02:37:01.056530,success,index=76
send_offline_message,0.15401840209960938,248,2025-02-26T02:37:01.056724,success,index=77
send_offline_message,0.1590251922607422,248,2025-02-26T02:37:01.056914,success,index=78
send_offline_message,0.14281272888183594,248,2025-02-26T02:37:01.057088,success,index=79
send_offline_message,0.1800060272216797,248,2025-02-26T02:37:01.057301,success,index=80
send_offline_message,0.15401840209960938,248,2025-02-26T02:37:01.057510,success,index=81
send_offline_message,0.15592575073242188,248,2025-02-26T02:37:01.057699,success,index=82
send_offline_message,0.14495849609375,248,2025-02-26T02:37:01.057876,success,index=83
send_offline_message,0.1442432403564453,248,2025-02-26T02:37:01.058052,success,index=84
send_offline_message,0.1499652862548828,248,2025-02-26T02:37:01.058235,success,index=85
send_offline_message,0.1392364501953125,248,2025-02-26T02:37:01.058406,success,index=86
send_offline_message,0.14591217041015625,248,2025-02-26T02:37:01.058583,success,index=87
send_offline_message,0.15306472778320312,248,2025-02-26T02:37:01.058768,success,index=88
send_offline_message,0.1468658447265625,248,2025-02-26T02:37:01.058944,success,index=89
send_offline_message,0.1399517059326172,248,2025-02-26T02:37:01.059110,success,index=90
send_offline_message,0.1590251922607422,248,2025-02-26T02:37:01.059302,success,index=91
send_offline_message,0.1480579376220703,248,2025-02-26T02:37:01.059475,success,index=92
send_offline_message,0.1480579376220703,248,2025-02-26T02:37:01.059657,success,index=93
send_offline_message,0.15687942504882812,248,2025-02-26T02:37:01.059842,success,index=94
send_offline_message,0.1819133758544922,248,2025-02-26T02:37:01.060057,success,index=95
send_offline_message,0.15306472778320312,248,2025-02-26T02:37:01.060237,success,index=96
send_offline_message,0.1518726348876953,248,2025-02-26T02:37:01.060416,success,index=97
send_offline_message,0.15592575073242188,248,2025-02-26T02:37:01.060598,success,index=98
send_offline_message,0.13303756713867188,248,2025-02-26T02:37:01.060757,success,index=99
login,0.16307830810546875,109,2025-02-26T02:37:01.060925,success,test_user_3_1740555420
read_messages,0.33402442932128906,16096,2025-02-26T02:37:01.061297,success,messages_read=100
